,date,team1,score1,team2,score2
131,2016-02-01,TheMongolz,16,Renegades,9
132,2016-02-01,Renegades,2,TheMongolz,16
133,2016-02-04,CLG,16,EnVyUs,12
134,2016-02-04,CLG,6,EnVyUs,16
135,2016-02-04,CLG,13,EnVyUs,16
136,2016-02-04,dignitas,16,FlipSid3,13
137,2016-02-04,FlipSid3,12,dignitas,16
138,2016-02-04,dignitas,16,EnVyUs,9
139,2016-02-04,dignitas,16,EnVyUs,5
140,2016-02-04,FlipSid3,14,CLG,16
141,2016-02-04,CLG,16,FlipSid3,4
142,2016-02-04,Sine Metu,14,Platinium,16
143,2016-02-04,CLG,16,EnVyUs,11
144,2016-02-04,CLG,4,EnVyUs,16
145,2016-02-04,CLG,4,EnVyUs,16
146,2016-02-05,G2,17,Cloud9,19
147,2016-02-05,Cloud9,13,G2,16
148,2016-02-05,Cloud9,6,G2,16
149,2016-02-05,LDLC Blue,16,CPH Wolves,13
150,2016-02-05,RCTIC,16,Orgless,8
151,2016-02-05,LDLC Blue,16,RCTIC,14
152,2016-02-05,CPH Wolves,16,Orgless,8
153,2016-02-05,Method,2,Astralis,16
154,2016-02-05,Method,4,Astralis,16
155,2016-02-05,Epiphany Bolt,14,LDLC White,16
156,2016-02-05,Cloud9,16,Method,14
157,2016-02-05,Cloud9,16,Method,11
158,2016-02-05,Millenium,12,ENCE,16
159,2016-02-05,Millenium,12,Epiphany Bolt,16
160,2016-02-05,ENCE,16,LDLC White,14
161,2016-02-05,Astralis,16,G2,11
162,2016-02-05,G2,16,Astralis,13
163,2016-02-05,G2,15,Astralis,19
164,2016-02-05,KoN Norway,16,KoN Finland,8
165,2016-02-05,CPH Wolves,16,RCTIC,13
166,2016-02-05,CPH Wolves,16,RCTIC,3
167,2016-02-05,SK,16,ENCE,2
168,2016-02-05,ENCE,6,SK,16
169,2016-02-05,KoN Denmark,16,KoN Norway,11
170,2016-02-05,KoN Sweden,16,KoN Denmark,14
171,2016-02-05,Cloud9,3,G2,16
172,2016-02-05,Cloud9,11,G2,16
173,2016-02-05,Epiphany Bolt,1,LDLC White,16
174,2016-02-05,LDLC White,16,Epiphany Bolt,13
175,2016-02-05,YP,16,Ancient,14
176,2016-02-05,Ancient,0,YP,16
177,2016-02-06,Cloud9,13,EnVyUs,16
178,2016-02-06,Cloud9,12,EnVyUs,16
179,2016-02-06,Quest,16,Binary Dragons,14
180,2016-02-06,Binary Dragons,27,Quest,31
181,2016-02-06,LDLC Blue,2,LDLC White,16
182,2016-02-06,LDLC White,16,LDLC Blue,9
183,2016-02-06,EYES ON U,10,PENTA,16
184,2016-02-06,EYES ON U,7,PENTA,16
185,2016-02-06,Playing Ducks,8,EURONICS,16
186,2016-02-06,EURONICS,2,Playing Ducks,16
187,2016-02-06,Playing Ducks,16,EURONICS,6
188,2016-02-06,CLG,16,G2,14
189,2016-02-06,CLG,6,G2,16
190,2016-02-06,CLG,16,G2,10
191,2016-02-06,PARTY,16,8bit,7
192,2016-02-06,PARTY,11,8bit,16
193,2016-02-06,PARTY,14,8bit,16
194,2016-02-06,ENCE,16,CPH Wolves,7
195,2016-02-06,CPH Wolves,4,ENCE,16
196,2016-02-06,EYES ON U,13,EURONICS,16
197,2016-02-06,EURONICS,13,EYES ON U,16
198,2016-02-06,EYES ON U,16,EURONICS,5
199,2016-02-06,Astralis,13,EnVyUs,16
200,2016-02-06,EnVyUs,13,Astralis,16
201,2016-02-06,EnVyUs,16,Astralis,8
202,2016-02-06,Arcade,16,eXplosive,12
203,2016-02-06,Arcade,13,eXplosive,16
204,2016-02-06,eXplosive,5,Arcade,16
205,2016-02-06,Playing Ducks,6,PENTA,16
206,2016-02-06,PENTA,16,Playing Ducks,6
207,2016-02-06,dignitas,16,CLG,10
208,2016-02-06,dignitas,16,CLG,14
209,2016-02-06,Fluffy Gangsters,12,Revolution,16
210,2016-02-06,Fluffy Gangsters,17,Revolution,19
211,2016-02-06,ENCE,10,LDLC White,16
212,2016-02-06,ENCE,7,LDLC White,16
213,2016-02-07,nEophyte,16,ezkatka,3
214,2016-02-07,nEophyte,16,ezkatka,12
215,2016-02-07,Astralis,16,CLG,3
216,2016-02-07,Astralis,16,CLG,4
217,2016-02-07,dignitas,4,EnVyUs,16
218,2016-02-07,dignitas,7,EnVyUs,16
219,2016-02-07,dignitas,13,EnVyUs,16
220,2016-02-08,DenDD,16,nerdRage,5
221,2016-02-09,CPH Wolves,11,Tricked,16
222,2016-02-09,Astralis,16,Natus Vincere,13
223,2016-02-09,Natus Vincere,16,Astralis,14
224,2016-02-09,Granted,16,Platinium,9
225,2016-02-09,Platinium,16,Granted,11
226,2016-02-09,Platinium,16,Granted,8
227,2016-02-09,EnVyUs,22,SK,19
228,2016-02-09,SK,6,EnVyUs,16
229,2016-02-10,Enemy,12,Renegades,16
230,2016-02-10,Enemy,16,Renegades,10
231,2016-02-10,OpTic,16,AGG,10
232,2016-02-10,OpTic,16,AGG,11
233,2016-02-10,G2,10,Astralis,16
234,2016-02-10,G2,16,Astralis,8
235,2016-02-10,FaZe,16,Virtus.pro,9
236,2016-02-10,Virtus.pro,10,FaZe,16
237,2016-02-11,Liquid,8,compLexity,16
238,2016-02-11,compLexity,14,Liquid,16
239,2016-02-11,NRG,7,Enemy,16
240,2016-02-11,Enemy,10,NRG,16
241,2016-02-11,FlipSid3,14,CSGL,16
242,2016-02-11,FlipSid3,16,CSGL,11
243,2016-02-11,FlipSid3,16,CSGL,10
244,2016-02-11,DenDD,16,Tricked,12
245,2016-02-11,Tricked,7,DenDD,16
246,2016-02-11,SK,16,Natus Vincere,7
247,2016-02-11,mousesports,21,LDLC White,18
248,2016-02-11,mousesports,16,LDLC White,13
249,2016-02-11,Natus Vincere,12,SK,16
250,2016-02-11,fnatic,16,Virtus.pro,12
251,2016-02-11,Virtus.pro,9,fnatic,16
252,2016-02-11,HellRaisers,16,Vexed,14
253,2016-02-11,HellRaisers,16,Vexed,14
254,2016-02-11,ALTERNATE aTTaX,7,E-frag.net,16
255,2016-02-11,E-frag.net,16,ALTERNATE aTTaX,8
256,2016-02-12,Cloud9,16,CLG,12
257,2016-02-12,Cloud9,16,CLG,5
258,2016-02-12,Liquid,13,Luminosity,16
259,2016-02-12,Luminosity,16,Liquid,11
260,2016-02-12,CSGL,16,Vexed,10
261,2016-02-12,Vexed,16,CSGL,6
262,2016-02-12,CSGL,21,Vexed,18
263,2016-02-12,ALTERNATE aTTaX,21,LDLC White,16
264,2016-02-12,ALTERNATE aTTaX,7,LDLC White,16
265,2016-02-12,ALTERNATE aTTaX,16,LDLC White,10
266,2016-02-12,KoN Finland,6,KoN Norway,16
267,2016-02-12,KoN Denmark,16,KoN Norway,10
268,2016-02-12,KoN Denmark,16,KoN Sweden,14
269,2016-02-12,mousesports,16,E-frag.net,5
270,2016-02-12,E-frag.net,13,mousesports,16
271,2016-02-13,HellRaisers,6,FlipSid3,16
272,2016-02-13,HellRaisers,13,FlipSid3,16
273,2016-02-13,Bravado,16,carboN,11
274,2016-02-13,Bravado,16,carboN,10
275,2016-02-13,CSGL,14,E-frag.net,16
276,2016-02-13,E-frag.net,16,CSGL,7
277,2016-02-13,eNergy,16,Aperture,6
278,2016-02-13,eNergy,8,Aperture,16
279,2016-02-13,Aperture,16,eNergy,12
280,2016-02-13,ALTERNATE aTTaX,16,HellRaisers,2
281,2016-02-13,ALTERNATE aTTaX,8,HellRaisers,16
282,2016-02-13,ALTERNATE aTTaX,21,HellRaisers,17
283,2016-02-13,eNergy,14,carboN,16
284,2016-02-13,eNergy,16,carboN,14
285,2016-02-13,carboN,16,eNergy,11
286,2016-02-13,E-frag.net,16,ALTERNATE aTTaX,14
287,2016-02-13,ALTERNATE aTTaX,4,E-frag.net,16
288,2016-02-13,Bravado,16,Aperture,12
289,2016-02-13,Bravado,16,Aperture,7
290,2016-02-13,mousesports,16,FlipSid3,5
291,2016-02-13,FlipSid3,11,mousesports,16
292,2016-02-14,compLexity,13,Tempo Storm,16
293,2016-02-14,CLG,16,Potato Streamers,5
294,2016-02-14,carboN,14,Aperture,16
295,2016-02-14,Aperture,16,carboN,13
296,2016-02-14,Bravado,16,Aperture,12
297,2016-02-14,Aperture,9,Bravado,16
298,2016-02-14,FlipSid3,12,E-frag.net,16
299,2016-02-14,FlipSid3,16,E-frag.net,7
300,2016-02-14,FlipSid3,16,E-frag.net,4
301,2016-02-14,mousesports,16,FlipSid3,6
302,2016-02-14,FlipSid3,9,mousesports,16
303,2016-02-14,ENCE,16,CG,8
304,2016-02-14,ENCE,14,CG,16
305,2016-02-14,ENCE,14,CG,16
306,2016-02-14,DenDD,16,PENTA,8
307,2016-02-14,Publiclir.se,16,Torpedo,14
308,2016-02-14,Publiclir.se,8,DenDD,16
309,2016-02-14,CLG,16,Mild,8
310,2016-02-14,CLG,16,Mild,8
311,2016-02-14,Day Dreamers,6,Cloud9,16
312,2016-02-14,Cloud9,16,Day Dreamers,11
313,2016-02-14,OpTic,16,Enemy,9
314,2016-02-14,Enemy,16,OpTic,9
315,2016-02-14,Enemy,6,OpTic,16
316,2016-02-14,Liquid,13,Tempo Storm,16
317,2016-02-14,Liquid,16,Tempo Storm,14
318,2016-02-14,Tempo Storm,16,Liquid,10
319,2016-02-15,QuetzaL,1,ex-Astral Authority,16
320,2016-02-15,ACE,3,Noble,16
321,2016-02-15,Cloud9,4,OpTic,16
322,2016-02-15,Cloud9,16,OpTic,11
323,2016-02-15,OpTic,10,Cloud9,16
324,2016-02-15,Vault,16,Bee's Money Crew,11
325,2016-02-15,Vault,12,Bee's Money Crew,16
326,2016-02-15,Bee's Money Crew,5,Vault,16
327,2016-02-15,CLG,6,Tempo Storm,16
328,2016-02-15,CLG,12,Tempo Storm,16
329,2016-02-15,ex-Astral Authority,16,Noble,9
330,2016-02-15,Tempo Storm,16,Cloud9,14
331,2016-02-15,Cloud9,17,Tempo Storm,19
332,2016-02-15,fnatic,16,G2,5
333,2016-02-15,gBots,16,nerdRage,0
334,2016-02-15,gBots,16,nerdRage,6
335,2016-02-15,fnatic,16,G2,7
336,2016-02-15,Virtus.pro,5,dignitas,16
337,2016-02-15,Virtus.pro,14,dignitas,16
338,2016-02-16,gBots,7,EU4IA,16
339,2016-02-16,EU4IA,8,gBots,16
340,2016-02-16,Astralis,16,FlipSid3,7
341,2016-02-16,FlipSid3,7,Astralis,16
342,2016-02-16,fnatic,16,EnVyUs,4
343,2016-02-16,k1ck,9,Publiclir.se,16
344,2016-02-16,k1ck,3,Publiclir.se,16
345,2016-02-16,EnVyUs,16,fnatic,5
346,2016-02-17,compLexity,2,Luminosity,16
347,2016-02-17,compLexity,9,Luminosity,16
348,2016-02-17,Splyce,4,OpTic,16
349,2016-02-17,Splyce,6,OpTic,16
350,2016-02-17,Natus Vincere,16,Virtus.pro,9
351,2016-02-17,Virtus.pro,12,Natus Vincere,16
352,2016-02-17,NiP,16,dignitas,8
353,2016-02-17,NiP,16,dignitas,8
354,2016-02-17,FlipSid3,9,E-frag.net,16
355,2016-02-17,E-frag.net,16,FlipSid3,19
356,2016-02-18,CLG,5,Renegades,16
357,2016-02-18,CLG,6,Renegades,16
358,2016-02-18,Enemy,12,compLexity,16
359,2016-02-18,compLexity,13,Enemy,16
360,2016-02-18,AlienTech,10,nerdRage,16
361,2016-02-18,AlienTech,3,nerdRage,16
362,2016-02-18,Imp?rio Multim?dia,13,Galatics,16
363,2016-02-18,Galatics,16,Imp?rio Multim?dia,4
364,2016-02-19,Enemy,16,Bee's Money Crew,5
365,2016-02-19,Bee's Money Crew,10,Enemy,16
366,2016-02-19,Splyce,10,AGG,16
367,2016-02-19,Splyce,12,AGG,16
368,2016-02-19,Publiclir.se,19,Optimum,16
369,2016-02-19,Torpedo,16,DollarHouse,2
370,2016-02-19,fnatic,10,EnVyUs,16
371,2016-02-19,G2,17,Astralis,19
372,2016-02-19,Rize,8,RCTIC,16
373,2016-02-19,FlipSid3,16,Orgless,9
374,2016-02-19,FlipSid3,20,Orgless,22
375,2016-02-19,FlipSid3,10,Orgless,16
376,2016-02-19,Preparation,16,Temporary orgless,12
377,2016-02-19,RCTIC,16,Torpedo,10
378,2016-02-19,Torpedo,12,RCTIC,16
379,2016-02-19,Publiclir.se,16,Preparation,6
380,2016-02-19,Publiclir.se,16,Preparation,13
381,2016-02-19,dignitas,16,gBots,14
382,2016-02-19,Astralis,16,x6tence,2
383,2016-02-19,OnlineRol,16,Red Panda,5
384,2016-02-19,Red Panda,11,OnlineRol,16
385,2016-02-19,Optimum,16,Temporary orgless,3
386,2016-02-19,Temporary orgless,2,Optimum,16
387,2016-02-19,Rize,19,DollarHouse,17
388,2016-02-19,DollarHouse,16,Rize,13
389,2016-02-19,Rize,2,DollarHouse,16
390,2016-02-19,dignitas,16,Vexed,7
391,2016-02-19,fnatic,16,EnVyUs,13
392,2016-02-19,KoN Norway,16,KoN Finland,11
393,2016-02-19,Galatics,13,AlienTech,16
394,2016-02-19,AlienTech,16,Galatics,9
395,2016-02-19,Optimum,9,Preparation,16
396,2016-02-19,Optimum,11,Preparation,16
397,2016-02-19,KoN Sweden,16,KoN Norway,14
398,2016-02-19,x6tence,2,Vexed,16
399,2016-02-19,KoN Sweden,21,KoN Denmark,19
400,2016-02-19,fnatic,16,gBots,13
401,2016-02-19,Torpedo,12,DollarHouse,16
402,2016-02-19,DollarHouse,4,Torpedo,16
403,2016-02-19,Torpedo,16,DollarHouse,6
404,2016-02-20,Noble,6,Liquid,16
405,2016-02-20,Liquid,16,Noble,9
406,2016-02-20,x6tence,3,G2,16
407,2016-02-20,Games4u,14,TzatzikiKlubben,16
408,2016-02-20,BX3,19,Recursive,15
409,2016-02-20,gBots,4,EnVyUs,16
410,2016-02-20,dream[S]cape,16,nxl,13
411,2016-02-20,LGB fe,2,Raepmashaekel,16
412,2016-02-20,Property fe,4,DenDD,16
413,2016-02-20,G2,16,Vexed,9
414,2016-02-20,Risky,13,MiTH,16
415,2016-02-20,TzatzikiKlubben,6,Raepmashaekel,16
416,2016-02-20,Raepmashaekel,16,TzatzikiKlubben,5
417,2016-02-20,BX3,14,DenDD,16
418,2016-02-20,BX3,7,DenDD,16
419,2016-02-20,fnatic,19,dignitas,17
420,2016-02-20,MiTH,16,dream[S]cape,8
421,2016-02-20,nxl,15,Risky,19
422,2016-02-20,Astralis,16,EnVyUs,9
423,2016-02-20,Games4u,16,LGB fe,3
424,2016-02-20,LGB fe,7,Games4u,16
425,2016-02-20,Recursive,16,Property fe,3
426,2016-02-20,Recursive,16,Property fe,8
427,2016-02-20,dignitas,16,Vexed,5
428,2016-02-20,G2,16,Astralis,13
429,2016-02-20,Recursive,14,BX3,16
430,2016-02-20,BX3,16,Recursive,12
431,2016-02-20,Games4u,12,TzatzikiKlubben,16
432,2016-02-20,TzatzikiKlubben,14,Games4u,16
433,2016-02-20,Games4u,16,TzatzikiKlubben,9
434,2016-02-20,fnatic,16,EnVyUs,7
435,2016-02-21,dignitas,11,Astralis,16
436,2016-02-21,Games4u,16,RCTIC,12
437,2016-02-21,RCTIC,16,Games4u,10
438,2016-02-21,RCTIC,16,Games4u,4
439,2016-02-21,Publiclir.se,25,BX3,21
440,2016-02-21,Publiclir.se,10,BX3,16
441,2016-02-21,BX3,22,Publiclir.se,18
442,2016-02-21,MVP.karnal,16,Threats,7
443,2016-02-21,dignitas,12,Astralis,16
444,2016-02-21,Infused,6,Barrage,16
445,2016-02-21,Infused,6,Barrage,16
446,2016-02-21,G2,7,fnatic,16
447,2016-02-21,J2G,19,Expendables,17
448,2016-02-21,fnatic,16,G2,8
449,2016-02-21,Refuse,13,Cl4nless,16
450,2016-02-21,Refuse,16,Cl4nless,14
451,2016-02-21,Refuse,16,Cl4nless,1
452,2016-02-21,DenDD,19,Preparation,22
453,2016-02-21,DenDD,14,Preparation,16
454,2016-02-21,J2G,9,MVP.karnal,16
455,2016-02-21,Raepmashaekel,13,Torpedo,16
456,2016-02-21,Torpedo,14,Raepmashaekel,16
457,2016-02-21,Torpedo,16,Raepmashaekel,5
458,2016-02-21,Astralis,14,fnatic,16
459,2016-02-21,Expendables,12,Threats,16
460,2016-02-21,fnatic,16,Astralis,13
461,2016-02-21,BX3,16,Torpedo,4
462,2016-02-21,Torpedo,12,BX3,16
463,2016-02-21,RCTIC,16,Preparation,11
464,2016-02-21,RCTIC,16,Preparation,11
465,2016-02-21,NRG,16,Splyce,13
466,2016-02-21,Splyce,5,NRG,16
467,2016-02-21,OpTic,16,Torment,9
468,2016-02-21,Torment,3,OpTic,16
469,2016-02-21,Cloud9,16,Random 5,12
470,2016-02-21,Cloud9,16,Random 5,1
471,2016-02-21,TSM,7,Renegades,16
472,2016-02-21,TSM,9,Renegades,16
473,2016-02-21,Liquid,16,ex-Astral Authority,14
474,2016-02-21,Liquid,16,ex-Astral Authority,4
475,2016-02-21,CLG,16,Just Make it Fast,5
476,2016-02-21,CLG,16,Just Make it Fast,6
477,2016-02-21,AGG,16,Selfless,10
478,2016-02-21,AGG,16,Selfless,3
479,2016-02-21,Echo Fox,3,Tempo Storm,16
480,2016-02-21,Tempo Storm,16,Echo Fox,9
481,2016-02-21,NRG,16,Cloud9,9
482,2016-02-21,Cloud9,16,NRG,9
483,2016-02-21,Cloud9,16,NRG,14
484,2016-02-21,Preparation,17,Torpedo,19
485,2016-02-21,BX3,6,RCTIC,16
486,2016-02-21,BX3,5,RCTIC,16
487,2016-02-21,Renegades,10,Liquid,16
488,2016-02-21,Liquid,16,Renegades,13
489,2016-02-21,Tempo Storm,16,OpTic,10
490,2016-02-21,OpTic,22,Tempo Storm,19
491,2016-02-21,Tempo Storm,16,OpTic,1
492,2016-02-21,k1ck,16,Imp?rio Multim?dia,3
493,2016-02-21,k1ck,13,Imp?rio Multim?dia,16
494,2016-02-21,CLG,16,AGG,12
495,2016-02-21,CLG,16,AGG,3
496,2016-02-22,CLG,1,Liquid,16
497,2016-02-22,Liquid,16,CLG,4
498,2016-02-22,Tempo Storm,16,Cloud9,8
499,2016-02-22,Cloud9,16,Tempo Storm,10
500,2016-02-22,Cloud9,8,Tempo Storm,16
501,2016-02-22,compLexity,16,Vault,19
502,2016-02-22,compLexity,16,Vault,7
503,2016-02-22,Vault,10,compLexity,16
504,2016-02-22,Cloud9,12,CLG,16
505,2016-02-22,Cloud9,3,CLG,16
506,2016-02-22,DeToNator,4,Devcat,16
507,2016-02-22,DeToNator,10,Devcat,16
508,2016-02-22,dream[S]cape,16,Risky,3
509,2016-02-22,GIANT5,16,PhysX,6
510,2016-02-22,E-frag.net,16,Orgless,5
511,2016-02-22,Orgless,13,E-frag.net,16
512,2016-02-22,SK,16,PENTA,7
513,2016-02-22,PENTA,3,SK,16
514,2016-02-22,Binary Dragons,16,Empire,10
515,2016-02-22,Binary Dragons,3,Empire,16
516,2016-02-22,Binary Dragons,16,Empire,13
517,2016-02-22,Deathtrap,16,Pixel,13
518,2016-02-22,Platinium,16,LDLC White,13
519,2016-02-22,LDLC White,5,Platinium,16
520,2016-02-22,Pixel,16,PhysX,7
521,2016-02-22,GIANT5,9,Deathtrap,16
522,2016-02-22,SK,16,Epiphany Bolt,4
523,2016-02-22,SK,16,Epiphany Bolt,10
524,2016-02-22,GIANT5,11,Pixel,16
525,2016-02-22,WaRLegenD,12,Dead Pixels,16
526,2016-02-22,Dead Pixels,16,WaRLegenD,11
527,2016-02-22,PANTERS,8,E-frag.net,16
528,2016-02-22,PANTERS,19,E-frag.net,17
529,2016-02-23,ACE,3,OpTic,16
530,2016-02-23,OpTic,16,ACE,12
531,2016-02-23,Tempo Storm,7,Obey.Alliance,16
532,2016-02-23,Winterfox,16,NRG,11
533,2016-02-23,Winterfox,14,NRG,16
534,2016-02-23,Winterfox,6,NRG,16
535,2016-02-23,QuetzaL,16,Noble,10
536,2016-02-23,QuetzaL,14,Noble,16
537,2016-02-23,QuetzaL,16,Noble,9
538,2016-02-23,Threats,12,J2G,16
539,2016-02-23,ENCE,22,Vexed,18
540,2016-02-23,ENCE,16,Vexed,14
541,2016-02-23,nEophyte,16,Method,7
542,2016-02-23,Method,20,nEophyte,22
543,2016-02-23,CPH Wolves,16,Empire,7
544,2016-02-23,CPH Wolves,16,Empire,12
545,2016-02-23,iNation,16,aZ,14
546,2016-02-23,G2,16,mousesports,13
547,2016-02-23,ALTERNATE aTTaX,16,Orgless,8
548,2016-02-23,ALTERNATE aTTaX,12,Orgless,16
549,2016-02-23,mousesports,16,G2,10
550,2016-02-23,ENRAGE,11,XPC,16
551,2016-02-23,aZ,16,ENRAGE,13
552,2016-02-23,Virtus.pro,22,EnVyUs,20
553,2016-02-23,Galatics,11,k1ck,16
554,2016-02-23,k1ck,16,Galatics,9
555,2016-02-23,PANTERS,11,PENTA,16
556,2016-02-23,PANTERS,17,PENTA,19
557,2016-02-23,iNation,7,XPC,16
558,2016-02-23,Granted,2,ALTERNATE aTTaX,16
559,2016-02-23,ALTERNATE aTTaX,16,Granted,14
560,2016-02-23,Virtus.pro,13,EnVyUs,16
561,2016-02-23,aZ,2,iNation,16
562,2016-02-23,PANTERS,15,CSGL,19
563,2016-02-23,CSGL,16,PANTERS,12
564,2016-02-23,SK,5,E-frag.net,16
565,2016-02-23,SK,16,E-frag.net,11
566,2016-02-23,NiP,19,mousesports,15
567,2016-02-23,mousesports,14,NiP,16
568,2016-02-24,Splyce,16,Winterfox,2
569,2016-02-24,Winterfox,16,Splyce,3
570,2016-02-24,Obey.Alliance,16,Evil Nation,13
571,2016-02-24,Obey.Alliance,16,Evil Nation,10
572,2016-02-24,AGG,11,Selfless,16
573,2016-02-24,TSM,16,ex-Astral Authority,11
574,2016-02-24,ex-Astral Authority,7,TSM,16
575,2016-02-24,AGG,11,Selfless,16
576,2016-02-24,iNation,10,Deathtrap,16
577,2016-02-24,Natus Vincere,16,NiP,13
578,2016-02-24,RCTIC,16,Binary Dragons,12
579,2016-02-24,RCTIC,16,Binary Dragons,8
580,2016-02-24,ENCE,16,ALTERNATE aTTaX,14
581,2016-02-24,ALTERNATE aTTaX,17,ENCE,19
582,2016-02-24,CSGL,16,Gambit,13
583,2016-02-24,Gambit,8,CSGL,16
584,2016-02-24,XPC,5,Pixel,16
585,2016-02-24,gBots,19,AlienTech,15
586,2016-02-24,gBots,16,AlienTech,8
587,2016-02-24,NiP,16,Natus Vincere,10
588,2016-02-24,Pixel,14,Deathtrap,16
589,2016-02-24,Deathtrap,16,Pixel,12
590,2016-02-24,Virtus.pro,3,Astralis,16
591,2016-02-24,PENTA,7,CSGL,16
592,2016-02-24,CSGL,16,PENTA,14
593,2016-02-24,Platinium,13,GameAgents,16
594,2016-02-24,Platinium,16,GameAgents,9
595,2016-02-24,GameAgents,16,Platinium,12
596,2016-02-24,Virtus.pro,11,Astralis,16
597,2016-02-24,fnatic,16,SK,11
598,2016-02-24,E-frag.net,16,CSGL,9
599,2016-02-24,E-frag.net,6,CSGL,16
600,2016-02-24,Imp?rio Multim?dia,11,AlienTech,16
601,2016-02-24,AlienTech,16,Imp?rio Multim?dia,9
602,2016-02-24,fnatic,16,SK,6
603,2016-02-25,OpTic,16,AGG,6
604,2016-02-25,OpTic,16,AGG,7
605,2016-02-25,CLG,16,Selfless,12
606,2016-02-25,myRevenge,9,Bee's Money Crew,16
607,2016-02-25,Bee's Money Crew,16,myRevenge,10
608,2016-02-25,Selfless,16,CLG,6
609,2016-02-25,Liquid,14,NRG,16
610,2016-02-25,QuetzaL,3,CLG,16
611,2016-02-25,QuetzaL,8,CLG,16
612,2016-02-25,Liquid,16,NRG,12
613,2016-02-25,MVP project,16,T5,9
614,2016-02-25,T5,16,MVP project,13
615,2016-02-25,MVP project,16,T5,4
616,2016-02-25,Enso,6,Empire,16
617,2016-02-25,Empire,16,Enso,8
618,2016-02-25,k1ck,16,LDLC White,10
619,2016-02-25,k1ck,13,LDLC White,16
620,2016-02-25,k1ck,16,LDLC White,12
621,2016-02-25,fnatic,16,Astralis,2
622,2016-02-25,fnatic,16,Astralis,13
623,2016-02-25,Astralis,12,fnatic,16
624,2016-02-25,k1ck,16,nerdRage,12
625,2016-02-25,nerdRage,7,k1ck,16
626,2016-02-25,Torpedo,16,Orgless,8
627,2016-02-25,Torpedo,16,Orgless,3
628,2016-02-25,CPH Wolves,10,ENCE,16
629,2016-02-25,CPH Wolves,12,ENCE,16
630,2016-02-25,SK,10,Vexed,16
631,2016-02-26,Obey.Alliance,14,VexX,16
632,2016-02-26,VexX,11,Obey.Alliance,16
633,2016-02-26,VexX,7,Obey.Alliance,16
634,2016-02-26,MiTH,16,J2G,10
635,2016-02-26,MiTH,12,J2G,16
636,2016-02-26,J2G,16,MiTH,3
637,2016-02-26,Emc,14,Devcat,16
638,2016-02-26,Liquid,20,HellRaisers,22
639,2016-02-26,MVP.karnal,16,dream[S]cape,10
640,2016-02-26,dream[S]cape,7,MVP.karnal,16
641,2016-02-26,mousesports,16,YP,1
642,2016-02-26,FlipSid3,16,Selfless,13
643,2016-02-26,KoN Norway,16,KoN Finland,6
644,2016-02-26,G2,16,Tempo Storm,13
645,2016-02-26,KoN Denmark,7,KoN Norway,16
646,2016-02-26,KoN Norway,6,KoN Sweden,16
647,2016-02-26,Liquid,16,YP,2
648,2016-02-26,mousesports,19,HellRaisers,15
649,2016-02-27,Splyce,16,CLG,14
650,2016-02-27,dignitas,9,Renegades,16
651,2016-02-27,Cloud9,9,Gambit,16
652,2016-02-27,ENCE,16,A LA MIX,2
653,2016-02-27,Ancient,1,Preparation,16
654,2016-02-27,dream[S]cape,5,MiTH,16
655,2016-02-27,MiTH,14,dream[S]cape,16
656,2016-02-27,MiTH,14,dream[S]cape,16
657,2016-02-27,A LA MIX,6,Ancient,16
658,2016-02-27,ENCE,17,Preparation,19
659,2016-02-27,Preparation,16,A LA MIX,3
660,2016-02-27,ENCE,14,Ancient,16
661,2016-02-27,J2G,6,MVP.karnal,16
662,2016-02-27,MVP.karnal,16,J2G,4
663,2016-02-27,Tempo Storm,16,Selfless,4
664,2016-02-27,AliGon,9,ALTERNATE aTTaX,16
665,2016-02-27,FlipSid3,14,G2,16
666,2016-02-27,Torpedo,17,Orgless,19
667,2016-02-27,CLG,16,SK,13
668,2016-02-27,ALTERNATE aTTaX,16,Orgless,13
669,2016-02-27,AliGon,16,Torpedo,9
670,2016-02-27,Splyce,16,Vexed,7
671,2016-02-27,Cloud9,16,dignitas,13
672,2016-02-27,AliGon,4,Orgless,16
673,2016-02-27,ALTERNATE aTTaX,16,Torpedo,13
674,2016-02-27,Renegades,11,Gambit,16
675,2016-02-27,Liquid,16,HellRaisers,4
676,2016-02-27,HellRaisers,16,Liquid,7
677,2016-02-27,HellRaisers,14,Liquid,16
678,2016-02-28,dream[S]cape,16,J2G,6
679,2016-02-28,J2G,7,dream[S]cape,16
680,2016-02-28,Orgless,16,Preparation,14
681,2016-02-28,Preparation,10,Orgless,16
682,2016-02-28,MVP.karnal,14,dream[S]cape,16
683,2016-02-28,dream[S]cape,4,MVP.karnal,16
684,2016-02-28,MVP.karnal,16,dream[S]cape,7
685,2016-02-28,FlipSid3,16,Tempo Storm,5
686,2016-02-28,FlipSid3,16,Tempo Storm,5
687,2016-02-28,ALTERNATE aTTaX,5,Ancient,16
688,2016-02-28,ALTERNATE aTTaX,3,Ancient,16
689,2016-02-28,Vexed,13,CLG,16
690,2016-02-28,CLG,3,Vexed,16
691,2016-02-28,CLG,16,Vexed,13
692,2016-02-28,Publiclir.se,16,k1ck,7
693,2016-02-28,Publiclir.se,8,k1ck,16
694,2016-02-28,ALTERNATE aTTaX,8,Preparation,16
695,2016-02-28,Preparation,16,ALTERNATE aTTaX,12
696,2016-02-28,Orgless,6,Ancient,16
697,2016-02-28,Ancient,16,Orgless,11
698,2016-02-28,Cloud9,16,Renegades,14
699,2016-02-28,Cloud9,19,Renegades,16
700,2016-02-28,Publiclir.se,19,Galatics,17
701,2016-02-28,Publiclir.se,17,Galatics,19
702,2016-02-29,Epiphany Bolt,16,LDLC Blue,6
703,2016-02-29,LDLC Blue,16,Epiphany Bolt,11
704,2016-02-29,LDLC Blue,16,Epiphany Bolt,3
705,2016-03-01,ALTERNATE aTTaX,16,Torpedo,7
706,2016-03-01,ALTERNATE aTTaX,17,Torpedo,19
707,2016-03-01,Torpedo,14,ALTERNATE aTTaX,16
708,2016-03-01,nerdRage,13,Imp?rio Multim?dia,16
709,2016-03-01,Imp?rio Multim?dia,5,nerdRage,16
710,2016-03-02,Natus Vincere,10,fnatic,16
711,2016-03-02,NiP,8,mousesports,16
712,2016-03-02,Luminosity,16,Natus Vincere,11
713,2016-03-02,mousesports,16,TheMongolz,7
714,2016-03-02,Luminosity,16,fnatic,12
715,2016-03-02,NiP,16,TheMongolz,5
716,2016-03-02,mousesports,6,Natus Vincere,16
717,2016-03-02,NiP,14,fnatic,16
718,2016-03-02,TheMongolz,6,Luminosity,16
719,2016-03-02,Natus Vincere,16,NiP,13
720,2016-03-02,mousesports,14,Luminosity,16
721,2016-03-02,FlipSid3,16,CSGL,1
722,2016-03-02,FlipSid3,16,CSGL,3
723,2016-03-02,fnatic,16,TheMongolz,4
724,2016-03-02,k1ck,16,AlienTech,14
725,2016-03-02,AlienTech,4,k1ck,16
726,2016-03-02,Natus Vincere,16,TheMongolz,6
727,2016-03-02,Luminosity,13,NiP,16
728,2016-03-02,mousesports,17,fnatic,19
729,2016-03-03,TSM,8,Selfless,16
730,2016-03-03,Selfless,6,TSM,16
731,2016-03-03,TSM,14,Selfless,16
732,2016-03-03,NRG,11,CLG,16
733,2016-03-03,CLG,11,NRG,16
734,2016-03-03,CLG,10,NRG,16
735,2016-03-03,E-frag.net,5,FaZe,16
736,2016-03-03,Astralis,16,EnVyUs,11
737,2016-03-03,Virtus.pro,6,Astralis,16
738,2016-03-03,Tempo Storm,16,E-frag.net,13
739,2016-03-03,Virtus.pro,16,EnVyUs,14
740,2016-03-03,Tempo Storm,16,FaZe,19
741,2016-03-03,Astralis,16,E-frag.net,5
742,2016-03-03,EnVyUs,16,FaZe,12
743,2016-03-03,Astralis,16,FaZe,5
744,2016-03-03,Virtus.pro,9,Tempo Storm,16
745,2016-03-03,EnVyUs,7,Tempo Storm,16
746,2016-03-03,E-frag.net,9,Virtus.pro,16
747,2016-03-03,Astralis,16,Tempo Storm,12
748,2016-03-03,Virtus.pro,16,FaZe,13
749,2016-03-03,EnVyUs,19,E-frag.net,22
750,2016-03-04,compLexity,4,Liquid,16
751,2016-03-04,compLexity,4,Liquid,16
752,2016-03-04,NRG,16,Selfless,13
753,2016-03-04,NRG,17,Selfless,19
754,2016-03-04,Selfless,16,NRG,4
755,2016-03-04,Natus Vincere,16,Tempo Storm,10
756,2016-03-04,Natus Vincere,15,Tempo Storm,19
757,2016-03-04,Tempo Storm,13,Natus Vincere,16
758,2016-03-04,fnatic,16,Virtus.pro,5
759,2016-03-04,fnatic,16,Virtus.pro,8
760,2016-03-04,KoN Denmark,6,KoN Finland,16
761,2016-03-04,Natus Vincere,19,Luminosity,22
762,2016-03-04,Natus Vincere,12,Luminosity,16
763,2016-03-04,KoN Norway,3,KoN Finland,16
764,2016-03-04,KoN Sweden,16,KoN Finland,8
765,2016-03-04,Astralis,6,fnatic,16
766,2016-03-04,fnatic,12,Astralis,16
767,2016-03-04,fnatic,16,Astralis,7
768,2016-03-05,Karma,16,Millenium fe,0
769,2016-03-05,WRTP,16,Santos.DeX fe,1
770,2016-03-05,Karma,6,WRTP,16
771,2016-03-05,Santos.DeX fe,12,Millenium fe,16
772,2016-03-05,Millenium fe,14,Karma,16
773,2016-03-05,Exertus fe,16,LDLC fe,13
774,2016-03-05,Elysium,8,CLG Red,16
775,2016-03-05,fnatic,19,Luminosity,17
776,2016-03-05,fnatic,16,Luminosity,3
777,2016-03-05,fnatic,19,Luminosity,15
778,2016-03-05,CLG Red,16,Exertus fe,5
779,2016-03-05,LDLC fe,16,Elysium,8
780,2016-03-05,Exertus fe,3,LDLC fe,16
781,2016-03-06,Karma,25,CLG Red,23
782,2016-03-06,CLG Red,16,Karma,11
783,2016-03-06,Karma,17,CLG Red,19
784,2016-03-06,Empire,10,eXplosive,16
785,2016-03-06,eXplosive,12,Empire,16
786,2016-03-06,eXplosive,8,Empire,16
787,2016-03-06,WRTP,16,LDLC fe,3
788,2016-03-06,LDLC fe,6,WRTP,16
789,2016-03-06,Method,14,YP,16
790,2016-03-06,Method,8,YP,16
791,2016-03-06,gBots,12,Publiclir.se,16
792,2016-03-06,Publiclir.se,19,gBots,16
793,2016-03-06,Fluffy Gangsters,13,Binary Dragons,16
794,2016-03-06,Fluffy Gangsters,19,Binary Dragons,16
795,2016-03-06,Binary Dragons,16,Fluffy Gangsters,12
796,2016-03-06,CLG Red,10,WRTP,16
797,2016-03-06,CLG Red,8,WRTP,16
798,2016-03-06,Publiclir.se,16,Imp?rio Multim?dia,4
799,2016-03-06,Publiclir.se,16,Imp?rio Multim?dia,5
800,2016-03-07,YP,14,Empire,16
801,2016-03-07,YP,16,Empire,10
802,2016-03-07,Binary Dragons,16,Tempest,10
803,2016-03-07,Binary Dragons,11,Tempest,16
804,2016-03-07,Tempest,16,Binary Dragons,11
805,2016-03-07,Empire,16,HellRaisers,14
806,2016-03-07,HellRaisers,16,Empire,6
807,2016-03-07,HellRaisers,16,Empire,10
808,2016-03-07,LDLC Blue,12,Dead Pixels,16
809,2016-03-07,Dead Pixels,10,LDLC Blue,16
810,2016-03-07,LDLC Blue,16,Dead Pixels,14
811,2016-03-07,k1ck,19,nerdRage,17
812,2016-03-07,k1ck,22,nerdRage,19
813,2016-03-07,DenDD,16,Publiclir.se,14
814,2016-03-07,Publiclir.se,16,DenDD,7
815,2016-03-07,Publiclir.se,4,DenDD,16
816,2016-03-07,Tempest,19,Empire,22
817,2016-03-07,Empire,16,Tempest,6
818,2016-03-07,k1ck,12,AlienTech,16
819,2016-03-07,AlienTech,12,k1ck,16
820,2016-03-07,Platinium,16,LPDC,1
821,2016-03-07,Platinium,16,LPDC,14
822,2016-03-08,Liquid,17,OpTic,19
823,2016-03-08,Liquid,16,OpTic,7
824,2016-03-08,OpTic,16,Liquid,12
825,2016-03-08,Arcade,16,Little Einsteins,12
826,2016-03-08,Epsilon,19,Space Soldiers,21
827,2016-03-08,ENCE,16,PENTA,14
828,2016-03-08,ENCE,16,PENTA,12
829,2016-03-08,Astralis,16,mousesports,12
830,2016-03-08,Space Soldiers,16,Arcade,12
831,2016-03-08,mousesports,4,Astralis,16
832,2016-03-08,Deathtrap,16,GameAgents,6
833,2016-03-08,NiP,16,FaZe,7
834,2016-03-08,Torpedo,14,Epsilon,16
835,2016-03-08,Epsilon,16,Torpedo,11
836,2016-03-08,ex-Epiphany,16,eXplosive,0
837,2016-03-08,NiP,16,FaZe,9
838,2016-03-08,Deathtrap,6,ex-Epiphany,16
839,2016-03-09,Renegades,16,Winterfox,4
840,2016-03-09,Renegades,16,Winterfox,3
841,2016-03-09,OpTic,16,Selfless,6
842,2016-03-09,OpTic,16,Selfless,7
843,2016-03-09,Splyce,16,AGG,12
844,2016-03-09,Splyce,16,AGG,6
845,2016-03-09,E-frag.net,16,Reason,2
846,2016-03-09,Reason,1,E-frag.net,16
847,2016-03-09,AlienTech,16,Nordics,9
848,2016-03-09,fm-eSports,10,Gambit,16
849,2016-03-09,Gambit,16,fm-eSports,9
850,2016-03-09,FlipSid3,16,Preparation,6
851,2016-03-09,Preparation,3,FlipSid3,16
852,2016-03-09,dignitas,16,DenDD,6
853,2016-03-09,NiP,16,Virtus.pro,2
854,2016-03-09,Team123,16,ALTERNATE aTTaX,13
855,2016-03-09,miMo,16,WE GOT GAME,13
856,2016-03-09,NiP,16,Virtus.pro,11
857,2016-03-09,dignitas,16,Team123,11
858,2016-03-09,ggrabb,18,Revival,21
859,2016-03-09,SK,16,GameAgents,11
860,2016-03-09,SK,16,GameAgents,14
861,2016-03-09,G2,16,EnVyUs,11
862,2016-03-09,ALTERNATE aTTaX,16,DenDD,12
863,2016-03-09,AlienTech,6,Bpro,16
864,2016-03-09,Revival,12,miMo,16
865,2016-03-09,EnVyUs,12,G2,16
866,2016-03-09,ALTERNATE aTTaX,16,Team123,5
867,2016-03-10,OpTic,16,Cloud9,13
868,2016-03-10,Cloud9,7,OpTic,16
869,2016-03-10,Luminosity,16,Winterfox,11
870,2016-03-10,AGG,16,8 Minded,3
871,2016-03-10,Winterfox,16,Luminosity,3
872,2016-03-10,Reason,5,Method,16
873,2016-03-10,Reason,0,Method,16
874,2016-03-10,E-frag.net,8,Ancient,16
875,2016-03-10,CL4NLESS,11,Refuse,16
876,2016-03-10,Method,3,SK,16
877,2016-03-10,FlipSid3,9,EnVyUs,16
878,2016-03-10,fm-eSports,4,dignitas,16
879,2016-03-10,fm-eSports,12,dignitas,16
880,2016-03-10,AR8,16,BLUEJAYS,2
881,2016-03-10,EnVyUs,16,FlipSid3,7
882,2016-03-10,Ancient,16,SK,14
883,2016-03-10,PENTA,16,noKappa,9
884,2016-03-10,Natus Vincere,19,FaZe,17
885,2016-03-10,Orgless,16,YP,9
886,2016-03-10,Orgless,16,YP,6
887,2016-03-10,Method,11,E-frag.net,16
888,2016-03-10,PENTA,16,AR8,7
889,2016-03-10,SK,17,E-frag.net,19
890,2016-03-10,Publiclir.se,19,AlienTech,17
891,2016-03-10,AlienTech,14,Publiclir.se,16
892,2016-03-10,Natus Vincere,16,FaZe,12
893,2016-03-11,Luminosity,16,NRG,3
894,2016-03-11,8 Minded,11,Tempo Storm,16
895,2016-03-11,Tempo Storm,16,8 Minded,9
896,2016-03-11,Luminosity,16,NRG,9
897,2016-03-11,NRG,16,compLexity,13
898,2016-03-11,Splyce,7,AGG,16
899,2016-03-11,Splyce,1,AGG,16
900,2016-03-11,compLexity,13,NRG,16
901,2016-03-11,Recursive,16,CSGO2x,4
902,2016-03-11,eXplosive,10,DEEZ NUTS,16
903,2016-03-11,Fluffy Gangsters,14,LeiSuRe,16
904,2016-03-11,KoN Denmark,16,KoN Norway,5
905,2016-03-11,RCTIC,8,eSuba,16
906,2016-03-11,Galatics,12,nerdRage,16
907,2016-03-11,nerdRage,16,Galatics,4
908,2016-03-11,KoN Denmark,12,KoN Finland,16
909,2016-03-11,KoN Sweden,16,KoN Finland,11
910,2016-03-11,Recursive,16,DEEZ NUTS,12
911,2016-03-11,eSuba,16,LeiSuRe,4
912,2016-03-12,Signature,16,MiTH,12
913,2016-03-12,MVP project,16,T5,10
914,2016-03-12,Emc,16,EDG,19
915,2016-03-12,Risky,16,Long Live Democracy,14
916,2016-03-12,Savage Wolves,16,Mahameru,11
917,2016-03-12,dream[S]cape,16,MineSki,10
918,2016-03-12,Threats,16,7GU6,8
919,2016-03-12,TitaNs,12,xqR,16
920,2016-03-12,n1ce,13,GameAgents,16
921,2016-03-12,GameAgents,8,n1ce,16
922,2016-03-12,GameAgents,19,n1ce,15
923,2016-03-12,LDLC Blue,7,c5,16
924,2016-03-12,AliGon,10,Gambit,16
925,2016-03-12,CPH Wolves,16,Platinium,13
926,2016-03-12,eSuba,16,BFFsIRL,9
927,2016-03-12,Orbit,11,Ancient,16
928,2016-03-12,Preparation,16,HellRaisers,8
929,2016-03-12,demons,11,PENTA,16
930,2016-03-12,ENCE,10,TDJSF,16
931,2016-03-12,EnVyUs,10,Astralis,16
932,2016-03-12,EnVyUs,16,Astralis,7
933,2016-03-12,Virtus.pro,16,G2,14
934,2016-03-12,TShow,3,dreamWorks,16
935,2016-03-12,BlackSheep,12,rEAK,16
936,2016-03-12,G2,16,Virtus.pro,6
937,2016-03-12,SK,25,FaZe,23
938,2016-03-12,DEMONIO,21,Apoka Academics,17
939,2016-03-12,SK,3,FaZe,16
940,2016-03-12,NRG,16,AGG,10
941,2016-03-12,INTZ,16,ProGaming,10
942,2016-03-13,AGG,14,NRG,16
943,2016-03-13,rEAK,14,dreamWorks,16
944,2016-03-13,compLexity,15,Cloud9,19
945,2016-03-13,DEMONIO,25,INTZ,31
946,2016-03-13,compLexity,2,Cloud9,16
947,2016-03-13,OpTic,16,Renegades,7
948,2016-03-13,Renegades,16,OpTic,9
949,2016-03-13,dream[S]cape,9,TyLoo,16
950,2016-03-13,TyLoo,16,dream[S]cape,8
951,2016-03-13,Legacy,16,EDG,10
952,2016-03-13,Legacy,16,EDG,13
953,2016-03-13,Threats,13,VG.CyberZen,16
954,2016-03-13,Threats,4,VG.CyberZen,16
955,2016-03-13,nxl,6,Signature,16
956,2016-03-13,Signature,16,nxl,10
957,2016-03-13,MVP.karnal,19,MVP project,16
958,2016-03-13,MVP.karnal,16,MVP project,10
959,2016-03-13,TheMongolz,16,Savage Wolves,5
960,2016-03-13,TheMongolz,16,Savage Wolves,3
961,2016-03-13,inchk1ng,16,Risky,8
962,2016-03-13,inchk1ng,16,Risky,3
963,2016-03-13,xqR,19,Immunity,15
964,2016-03-13,xqR,2,Immunity,16
965,2016-03-13,Immunity,16,xqR,3
966,2016-03-13,Signature,16,TheMongolz,8
967,2016-03-13,TheMongolz,16,Signature,5
968,2016-03-13,TheMongolz,12,Signature,16
969,2016-03-13,Legacy,17,VG.CyberZen,19
970,2016-03-13,VG.CyberZen,16,Legacy,7
971,2016-03-13,MVP.karnal,6,TyLoo,16
972,2016-03-13,TyLoo,16,MVP.karnal,5
973,2016-03-13,Immunity,16,inchk1ng,6
974,2016-03-13,Immunity,7,inchk1ng,16
975,2016-03-13,Immunity,16,inchk1ng,9
976,2016-03-13,VG.CyberZen,19,Signature,16
977,2016-03-13,VG.CyberZen,16,Signature,14
978,2016-03-13,Gambit,16,noKappa,9
979,2016-03-13,Gambit,5,noKappa,16
980,2016-03-13,Gambit,14,noKappa,16
981,2016-03-13,E-frag.net,16,CPH Wolves,8
982,2016-03-13,CPH Wolves,16,E-frag.net,12
983,2016-03-13,CPH Wolves,16,E-frag.net,8
984,2016-03-13,Ancient,16,SK,13
985,2016-03-13,SK,16,Ancient,11
986,2016-03-13,SK,17,Ancient,19
987,2016-03-13,PENTA,12,CSGL,16
988,2016-03-13,PENTA,14,CSGL,16
989,2016-03-13,TDJSF,7,dignitas,16
990,2016-03-13,dignitas,16,TDJSF,4
991,2016-03-13,mousesports,16,c5,8
992,2016-03-13,c5,9,mousesports,16
993,2016-03-13,FlipSid3,17,Preparation,19
994,2016-03-13,FlipSid3,16,Preparation,9
995,2016-03-13,FlipSid3,19,Preparation,17
996,2016-03-13,TyLoo,16,Immunity,7
997,2016-03-13,Immunity,4,TyLoo,16
998,2016-03-13,eSuba,16,G2,8
999,2016-03-13,G2,16,eSuba,6
1000,2016-03-13,eSuba,12,G2,16
1001,2016-03-13,dignitas,13,CSGL,16
1002,2016-03-13,dignitas,3,CSGL,16
1003,2016-03-13,TyLoo,16,VG.CyberZen,8
1004,2016-03-13,TyLoo,16,VG.CyberZen,10
1005,2016-03-13,CPH Wolves,13,G2,16
1006,2016-03-13,CPH Wolves,19,G2,15
1007,2016-03-13,CPH Wolves,12,G2,16
1008,2016-03-13,mousesports,16,noKappa,7
1009,2016-03-13,noKappa,3,mousesports,16
1010,2016-03-13,gBots,16,Galatics,6
1011,2016-03-13,Galatics,11,gBots,16
1012,2016-03-13,FlipSid3,12,Ancient,16
1013,2016-03-13,FlipSid3,16,Ancient,9
1014,2016-03-13,FlipSid3,16,Ancient,7
1015,2016-03-13,SK,7,Astralis,16
1016,2016-03-13,k1ck,16,Galatics,4
1017,2016-03-13,k1ck,16,Galatics,11
1018,2016-03-13,SK,5,Astralis,16
1019,2016-03-13,FlipSid3,12,G2,16
1020,2016-03-13,Publiclir.se,16,nerdRage,9
1021,2016-03-13,nerdRage,6,Publiclir.se,16
1022,2016-03-13,Perrinho Sin Colinha,3,Innova,16
1023,2016-03-13,G2,16,FlipSid3,7
1024,2016-03-13,Crashers,2,BigGods,16
1025,2016-03-13,mousesports,4,fnatic,16
1026,2016-03-13,LDDM,16,TSG,5
1027,2016-03-13,compLexity,10,OpTic,16
1028,2016-03-13,CNB,16,Gathers,14
1029,2016-03-13,mousesports,19,fnatic,17
1030,2016-03-13,compLexity,4,OpTic,16
1031,2016-03-14,Renegades,16,AGG,6
1032,2016-03-14,CNB,16,LDDM,14
1033,2016-03-14,AGG,12,Renegades,16
1034,2016-03-14,Cloud9,16,Selfless,10
1035,2016-03-14,Cloud9,4,Selfless,16
1036,2016-03-14,fm-eSports,16,Gambit,10
1037,2016-03-14,fm-eSports,10,Gambit,16
1038,2016-03-14,fm-eSports,10,Gambit,16
1039,2016-03-14,noKappa,16,Empire,9
1040,2016-03-14,Binary Dragons,11,Method,16
1041,2016-03-14,Method,16,Binary Dragons,4
1042,2016-03-14,k1ck,5,E-frag.net,16
1043,2016-03-14,E-frag.net,22,k1ck,19
1044,2016-03-14,ENCE,10,FlipSid3,16
1045,2016-03-14,FlipSid3,16,ENCE,11
1046,2016-03-14,XPC,16,CSGL,11
1047,2016-03-14,mousesports,16,G2,19
1048,2016-03-14,mousesports,16,G2,14
1049,2016-03-14,mousesports,16,G2,13
1050,2016-03-14,noKappa,16,XPC,9
1051,2016-03-14,k1ck,11,Imp?rio Multim?dia,16
1052,2016-03-14,Imp?rio Multim?dia,13,k1ck,16
1053,2016-03-14,FlipSid3,17,CSGL,19
1054,2016-03-14,FlipSid3,8,CSGL,16
1055,2016-03-14,Method,13,ENCE,16
1056,2016-03-14,ENCE,16,Method,2
1057,2016-03-14,Platinium,22,LDLC Blue,19
1058,2016-03-14,Platinium,13,LDLC Blue,16
1059,2016-03-14,Platinium,14,LDLC Blue,16
1060,2016-03-14,Winterfox,9,Renegades,16
1061,2016-03-14,Renegades,16,Winterfox,2
1062,2016-03-15,compLexity,16,TSM,3
1063,2016-03-15,TSM,19,compLexity,16
1064,2016-03-15,compLexity,0,TSM,16
1065,2016-03-15,Tempo Storm,16,BOTS,7
1066,2016-03-15,Tempo Storm,16,BOTS,2
1067,2016-03-15,TyLoo,16,EDG,13
1068,2016-03-15,EDG,9,TyLoo,16
1069,2016-03-15,Wings,6,VG.CyberZen,16
1070,2016-03-15,Wings,1,VG.CyberZen,16
1071,2016-03-15,HellRaisers,16,Space Soldiers,11
1072,2016-03-15,nerdRage,7,Enso,16
1073,2016-03-15,Enso,16,nerdRage,2
1074,2016-03-15,SK,17,Tricked,19
1075,2016-03-15,Tricked,5,SK,16
1076,2016-03-15,Natus Vincere,16,dignitas,14
1077,2016-03-15,PENTA,25,VwS,22
1078,2016-03-15,dignitas,3,Natus Vincere,16
1079,2016-03-15,G2,16,SK,5
1080,2016-03-15,PENTA,16,HellRaisers,5
1081,2016-03-15,Space Soldiers,16,VwS,10
1082,2016-03-15,G2,16,SK,13
1083,2016-03-15,Easy Fix,12,ExAequo,16
1084,2016-03-15,ExAequo,16,Easy Fix,8
1085,2016-03-15,HellRaisers,7,Space Soldiers,16
1086,2016-03-15,E-frag.net,16,DenDD,13
1087,2016-03-15,E-frag.net,16,DenDD,10
1088,2016-03-16,OpTic,16,Winterfox,5
1089,2016-03-16,CLG,16,Noble,7
1090,2016-03-16,Noble,6,CLG,16
1091,2016-03-16,Winterfox,16,OpTic,6
1092,2016-03-16,compLexity,7,Splyce,16
1093,2016-03-16,Selfless,16,Prospects,11
1094,2016-03-16,Selfless,16,Prospects,11
1095,2016-03-16,compLexity,16,Splyce,14
1096,2016-03-16,GameAgents,5,LDLC Blue,16
1097,2016-03-16,LDLC Blue,16,GameAgents,10
1098,2016-03-16,SK,16,VwS,7
1099,2016-03-16,SK,16,VwS,9
1100,2016-03-16,dignitas,6,G2,16
1101,2016-03-16,dignitas,16,G2,10
1102,2016-03-16,k1ck,14,gBots,16
1103,2016-03-16,gBots,16,k1ck,9
1104,2016-03-16,fnatic,6,NiP,16
1105,2016-03-16,CSGL,8,Empire,16
1106,2016-03-16,DenDD,10,dignitas,16
1107,2016-03-16,dignitas,16,DenDD,11
1108,2016-03-16,fnatic,16,NiP,10
1109,2016-03-16,gBots,16,Imp?rio Multim?dia,3
1110,2016-03-16,gBots,16,Imp?rio Multim?dia,5
1111,2016-03-17,Cloud9,19,Renegades,16
1112,2016-03-17,Cloud9,16,Renegades,8
1113,2016-03-17,ACE,3,Luminosity,16
1114,2016-03-17,ACE,9,Luminosity,16
1115,2016-03-17,Tempo Storm,8,Obey.Alliance,16
1116,2016-03-17,Tempo Storm,16,Obey.Alliance,8
1117,2016-03-17,Obey.Alliance,9,Tempo Storm,16
1118,2016-03-17,compLexity,17,CLG,19
1119,2016-03-17,CLG,16,compLexity,10
1120,2016-03-17,AllGamers,16,eFuture,8
1121,2016-03-17,AllGamers,16,eFuture,12
1122,2016-03-17,New4,16,HG,5
1123,2016-03-17,HG,5,New4,16
1124,2016-03-17,Immunity,11,Virtus.pro,16
1125,2016-03-17,Virtus.pro,16,Immunity,11
1126,2016-03-17,Natus Vincere,16,FlipSid3,10
1127,2016-03-17,Natus Vincere,9,FlipSid3,16
1128,2016-03-17,FlipSid3,6,Natus Vincere,16
1129,2016-03-17,ALTERNATE aTTaX,12,HellRaisers,16
1130,2016-03-17,ALTERNATE aTTaX,13,HellRaisers,16
1131,2016-03-17,RCTIC,16,Method,19
1132,2016-03-17,RCTIC,16,Method,11
1133,2016-03-17,RCTIC,22,Method,20
1134,2016-03-17,SK,16,Epsilon,6
1135,2016-03-17,Epsilon,16,SK,11
1136,2016-03-17,Epsilon,12,SK,16
1137,2016-03-17,G2,16,FaZe,13
1138,2016-03-17,Torpedo,6,Astralis,16
1139,2016-03-17,G2,16,FaZe,10
1140,2016-03-17,Torpedo,2,Astralis,16
1141,2016-03-17,CSGL,19,Ancient,17
1142,2016-03-17,CSGL,14,Ancient,16
1143,2016-03-17,CSGL,16,Ancient,12
1144,2016-03-17,SK,8,mousesports,16
1145,2016-03-17,SK,16,mousesports,11
1146,2016-03-17,EnVyUs,13,NRG,16
1147,2016-03-17,NRG,3,EnVyUs,16
1148,2016-03-17,EnVyUs,19,NRG,22
1149,2016-03-18,Liquid,11,Renegades,16
1150,2016-03-18,CLG,16,KKona,8
1151,2016-03-18,CLG,16,KKona,12
1152,2016-03-18,Liquid,16,Renegades,7
1153,2016-03-18,Cloud9,16,Luminosity,13
1154,2016-03-18,Luminosity,16,Cloud9,7
1155,2016-03-18,Natus Vincere,16,Virtus.pro,14
1156,2016-03-18,Virtus.pro,12,Natus Vincere,16
1157,2016-03-18,Astralis,16,NRG,3
1158,2016-03-18,NRG,9,Astralis,16
1159,2016-03-18,AlienTech,16,RedLine,3
1160,2016-03-18,AlienTech,22,FTW.PRO,19
1161,2016-03-18,Natus Vincere,16,Astralis,9
1162,2016-03-18,Natus Vincere,12,Astralis,16
1163,2016-03-18,Natus Vincere,16,Astralis,5
1164,2016-03-18,FTW.PRO,16,3R2L,11
1165,2016-03-18,KoN Denmark,2,KoN Norway,16
1166,2016-03-18,KoN Finland,16,KoN Norway,12
1167,2016-03-18,RedLine,16,3R2L,19
1168,2016-03-18,KoN Sweden,4,KoN Finland,16
1169,2016-03-18,3R2L,8,AlienTech,16
1170,2016-03-19,Tempo Storm,16,Renegades,9
1171,2016-03-19,Tempo Storm,16,Renegades,14
1172,2016-03-19,Galatics,5,Imp?rio Multim?dia,16
1173,2016-03-19,Imp?rio Multim?dia,16,EasyMind,12
1174,2016-03-19,PANTERS,16,demise.no,0
1175,2016-03-19,PANTERS,16,demise.no,9
1176,2016-03-19,demise.no,14,PANTERS,16
1177,2016-03-19,EasyMind,16,Galatics,12
1178,2016-03-19,Space Soldiers,16,nGw,3
1179,2016-03-19,Winterfox,13,Selfless,16
1180,2016-03-19,Selfless,16,Winterfox,14
1181,2016-03-19,Renegades,16,TSM,19
1182,2016-03-19,TSM,4,Renegades,16
1183,2016-03-19,TSM,16,Renegades,10
1184,2016-03-19,Fluffy Gangsters,16,Tempest,5
1185,2016-03-19,PENTA,16,Orbit,8
1186,2016-03-19,EasyMind,3,FTW.Evo Prinfor,16
1187,2016-03-19,HellRaisers,16,LDLC Blue,7
1188,2016-03-19,Tricked,13,WE GOT GAME,16
1189,2016-03-19,Epsilon,21,Refuse,19
1190,2016-03-19,ENCE,16,Arcade,8
1191,2016-03-19,FaZe,14,mousesports,16
1192,2016-03-19,FTW.Evo Prinfor,12,Imp?rio Multim?dia,16
1193,2016-03-19,mousesports,16,FaZe,13
1194,2016-03-19,fnatic,16,dignitas,6
1195,2016-03-19,Luminosity,16,Selfless,12
1196,2016-03-19,Luminosity,13,Selfless,16
1197,2016-03-19,Luminosity,14,Selfless,16
1198,2016-03-19,fnatic,16,dignitas,5
1199,2016-03-19,FTW.Evo Prinfor,11,AlienTech,16
1200,2016-03-19,AlienTech,16,FTW.Evo Prinfor,4
1201,2016-03-19,NiP,16,SK,8
1202,2016-03-19,CLG,10,Tempo Storm,16
1203,2016-03-19,CLG,16,Tempo Storm,7
1204,2016-03-19,CLG,16,Tempo Storm,4
1205,2016-03-19,Winterfox,8,Liquid,16
1206,2016-03-19,NiP,19,SK,16
1207,2016-03-19,Liquid,11,Winterfox,16
1208,2016-03-20,Luminosity,16,CLG,9
1209,2016-03-20,Cloud9,16,OpTic,3
1210,2016-03-20,OpTic,17,Cloud9,19
1211,2016-03-20,CLG,12,Luminosity,16
1212,2016-03-20,Liquid,19,TSM,16
1213,2016-03-20,TSM,7,Liquid,16
1214,2016-03-20,Splyce,5,Selfless,16
1215,2016-03-20,Selfless,16,Splyce,11
1216,2016-03-20,Imp?rio Multim?dia,16,FTW.PRO,10
1217,2016-03-20,FTW.PRO,15,Imp?rio Multim?dia,19
1218,2016-03-20,G2,16,Fluffy Gangsters,13
1219,2016-03-20,G2,16,Fluffy Gangsters,2
1220,2016-03-20,HellRaisers,16,Gambit,5
1221,2016-03-20,HellRaisers,16,Gambit,5
1222,2016-03-20,CPH Wolves,16,PENTA,6
1223,2016-03-20,PENTA,10,CPH Wolves,16
1224,2016-03-20,WE GOT GAME,8,FlipSid3,16
1225,2016-03-20,WE GOT GAME,4,FlipSid3,16
1226,2016-03-20,ENCE,11,Ancient,16
1227,2016-03-20,ENCE,10,Ancient,16
1228,2016-03-20,NewSkill Infinity,15,dignitas,19
1229,2016-03-20,dignitas,16,NewSkill Infinity,3
1230,2016-03-20,Space Soldiers,8,AGG,16
1231,2016-03-20,AGG,16,Space Soldiers,11
1232,2016-03-20,Bravado,19,Aperture,17
1233,2016-03-20,Bravado,16,Aperture,2
1234,2016-03-20,Epsilon,11,SK,16
1235,2016-03-20,Epsilon,16,SK,12
1236,2016-03-20,SK,16,Epsilon,11
1237,2016-03-20,CPH Wolves,6,G2,16
1238,2016-03-20,CPH Wolves,16,G2,13
1239,2016-03-20,CPH Wolves,19,G2,16
1240,2016-03-20,FlipSid3,4,Ancient,16
1241,2016-03-20,FlipSid3,10,Ancient,16
1242,2016-03-20,HellRaisers,16,dignitas,7
1243,2016-03-20,HellRaisers,5,dignitas,16
1244,2016-03-20,dignitas,16,HellRaisers,4
1245,2016-03-20,SK,19,AGG,22
1246,2016-03-20,AGG,16,SK,5
1247,2016-03-20,AlienTech,16,Imp?rio Multim?dia,9
1248,2016-03-20,AlienTech,16,Imp?rio Multim?dia,12
1249,2016-03-20,AlienTech,16,Imp?rio Multim?dia,14
1250,2016-03-20,Cloud9,16,Selfless,5
1251,2016-03-20,Cloud9,16,Selfless,3
1252,2016-03-20,FlipSid3,16,mousesports,12
1253,2016-03-20,CPH Wolves,3,Ancient,16
1254,2016-03-20,Ancient,16,CPH Wolves,11
1255,2016-03-20,AGG,16,dignitas,3
1256,2016-03-20,dignitas,16,AGG,10
1257,2016-03-20,dignitas,16,AGG,8
1258,2016-03-20,mousesports,13,FlipSid3,16
1259,2016-03-20,Liquid,16,CLG,8
1260,2016-03-20,CLG,19,Liquid,17
1261,2016-03-20,Liquid,16,CLG,7
1262,2016-03-20,Natus Vincere,16,EnVyUs,11
1263,2016-03-20,Natus Vincere,16,EnVyUs,7
1264,2016-03-20,dignitas,11,Astralis,16
1265,2016-03-20,Selfless,10,Winterfox,16
1266,2016-03-20,dignitas,5,Astralis,16
1267,2016-03-20,Winterfox,5,Selfless,16
1268,2016-03-21,Liquid,16,CLG,5
1269,2016-03-21,Liquid,22,CLG,19
1270,2016-03-21,Splyce,11,Luminosity,16
1271,2016-03-21,Cloud9,17,Liquid,19
1272,2016-03-21,Liquid,7,Cloud9,16
1273,2016-03-21,Cloud9,16,Liquid,5
1274,2016-03-21,Luminosity,16,Splyce,8
1275,2016-03-21,ENCE,10,AGG,16
1276,2016-03-21,ENCE,6,AGG,16
1277,2016-03-21,ALTERNATE aTTaX,16,Enso,13
1278,2016-03-21,HellRaisers,16,Arcade,13
1279,2016-03-21,SK,16,LDLC Blue,1
1280,2016-03-21,LDLC Blue,16,SK,14
1281,2016-03-21,LDLC Blue,3,SK,16
1282,2016-03-21,RCTIC,16,eXtatus,13
1283,2016-03-21,eXtatus,5,RCTIC,16
1284,2016-03-21,Alpha,16,Nevermad,13
1285,2016-03-21,Nevermad,9,Alpha,16
1286,2016-03-21,AGG,14,Empire,16
1287,2016-03-21,eXplosive,8,Ancient,16
1288,2016-03-21,Empire,6,Ancient,16
1289,2016-03-21,Empire,6,Ancient,16
1290,2016-03-21,SK,8,FlipSid3,16
1291,2016-03-21,FlipSid3,16,SK,12
1292,2016-03-21,k1ck,5,CSGL,16
1293,2016-03-21,k1ck,17,CSGL,19
1294,2016-03-21,TSM,16,Luminosity,11
1295,2016-03-21,TSM,6,Luminosity,16
1296,2016-03-21,TSM,2,Luminosity,16
1297,2016-03-22,Cloud9,16,NRG,12
1298,2016-03-22,Cloud9,16,NRG,5
1299,2016-03-22,Winterfox,16,compLexity,12
1300,2016-03-22,NRG,16,Vault,10
1301,2016-03-22,Vault,9,NRG,16
1302,2016-03-22,compLexity,14,Winterfox,16
1303,2016-03-22,AllGamers,2,EDG,16
1304,2016-03-22,AllGamers,5,EDG,16
1305,2016-03-22,HG,5,VG.CyberZen,16
1306,2016-03-22,VG.CyberZen,16,HG,14
1307,2016-03-22,ENCE,7,AGG,16
1308,2016-03-22,AGG,19,ENCE,17
1309,2016-03-22,ALTERNATE aTTaX,10,HellRaisers,16
1310,2016-03-22,HellRaisers,16,ALTERNATE aTTaX,11
1311,2016-03-22,Enso,16,eXtatus,12
1312,2016-03-22,Enso,19,eXtatus,16
1313,2016-03-22,FlipSid3,16,SK,10
1314,2016-03-22,TogetherAsOne,13,CS-GO.rs,16
1315,2016-03-22,PENTA,16,Epsilon,3
1316,2016-03-22,Epsilon,16,PENTA,7
1317,2016-03-22,Epsilon,19,PENTA,16
1318,2016-03-22,Platinium,14,Orgless,16
1319,2016-03-22,Platinium,10,Orgless,16
1320,2016-03-22,FlipSid3,13,SK,16
1321,2016-03-22,iNation,16,SuperMassive,7
1322,2016-03-22,HellRaisers,13,Ancient,16
1323,2016-03-22,Ancient,5,HellRaisers,16
1324,2016-03-22,HellRaisers,16,Ancient,9
1325,2016-03-22,RB,9,Deathtrap,16
1326,2016-03-22,mousesports,16,dignitas,19
1327,2016-03-22,mousesports,10,dignitas,16
1328,2016-03-23,Rhythm,21,Insolent,15
1329,2016-03-23,OpTic,10,Selfless,16
1330,2016-03-23,OpTic,14,Selfless,16
1331,2016-03-23,Broken Alliance,16,TNT,4
1332,2016-03-23,Splyce,4,Renegades,16
1333,2016-03-23,Winterfox,10,NRG,16
1334,2016-03-23,CLG,16,Tempo Storm,11
1335,2016-03-23,CLG,16,Tempo Storm,6
1336,2016-03-23,Braindead,16,h00liGaNz,12
1337,2016-03-23,Renegades,16,Splyce,6
1338,2016-03-23,NRG,16,Winterfox,12
1339,2016-03-23,One,13,Mist Globals,16
1340,2016-03-23,CSGL,16,Fluffy Gangsters,14
1341,2016-03-23,Method,12,Orgless,16
1342,2016-03-23,FlipSid3,13,fnatic,16
1343,2016-03-23,CPH Wolves,10,LDLC Blue,16
1344,2016-03-23,Empire,3,Planetkey,16
1345,2016-03-23,Planetkey,12,Empire,16
1346,2016-03-23,Planetkey,16,Empire,8
1347,2016-03-23,E-frag.net,10,YP,16
1348,2016-03-23,FlipSid3,14,fnatic,16
1349,2016-03-23,LDLC Blue,16,YP,10
1350,2016-03-23,LDLC Blue,7,YP,16
1351,2016-03-23,YP,16,LDLC Blue,12
1352,2016-03-23,PENTA,9,Gambit,16
1353,2016-03-23,Gambit,22,PENTA,20
1354,2016-03-23,NiP,16,Astralis,8
1355,2016-03-23,NiP,16,Astralis,4
1356,2016-03-24,KKona,13,Luminosity,16
1357,2016-03-24,Insomnia,16,PSISTORM,12
1358,2016-03-24,Third pupil,16,SYG,7
1359,2016-03-24,Luminosity,16,KKona,5
1360,2016-03-24,Cloud9,16,Winterfox,7
1361,2016-03-24,Selfless,16,NRG,5
1362,2016-03-24,NRG,18,Selfless,22
1363,2016-03-24,Wet Bandits,4,Kitfoxes,16
1364,2016-03-24,Cloud9,16,Winterfox,3
1365,2016-03-24,Grimalkin,9,Young Money Militia,16
1366,2016-03-24,Insomnia,8,Third pupil,16
1367,2016-03-24,@SNULLE,2,!nsurgents,16
1368,2016-03-24,Playing Ducks,16,Vacuous Baboons,4
1369,2016-03-24,FAB,16,Ollebolle,0
1370,2016-03-24,AfterClap,1,GamersLeague,16
1371,2016-03-24,Telos,1,Space Soldiers,16
1372,2016-03-24,eXtatus,16,Inside,3
1373,2016-03-24,Recursive,16,fLYVERNE,0
1374,2016-03-24,Influx Nordic,0,Aquiver.RED,16
1375,2016-03-24,Iwku,16,SvQmmerICruzares,2
1376,2016-03-24,Publiclir.se,16,Wicked,5
1377,2016-03-24,Orbit,16,Skal du begraves?,11
1378,2016-03-24,Dem Boyz,5,Flash,16
1379,2016-03-24,Tog,1,Tricked,16
1380,2016-03-24,Heroic,16,aNimus,5
1381,2016-03-24,Plantronics,16,Tekweb,5
1382,2016-03-24,Bar r?v og sandaler,8,n0_0rg,16
1383,2016-03-24,the pickles,2,WinOut,16
1384,2016-03-24,temporary,9,Epiphany Bolt,16
1385,2016-03-24,Epsilon,16,walkover,8
1386,2016-03-24,seven,6,Alpha,16
1387,2016-03-24,Fox Stratos,16,naptoR.Factory,5
1388,2016-03-24,Preparation,16,SesiBaren,2
1389,2016-03-24,BX3,9,malefiQ,16
1390,2016-03-24,Aquiver.BLU,19,hiddenOP,16
1391,2016-03-24,Krydsild,16,WDHA,11
1392,2016-03-24,Fragsters,16,Eastern Vikings,13
1393,2016-03-24,Quantaya,16,Bananaboys,19
1394,2016-03-24,OBEY,16,eNergy,14
1395,2016-03-24,FOXTROT,14,404OrgNotFound,16
1396,2016-03-24,Isak,19,WarMonkeys,17
1397,2016-03-24,Tekweb,16,Influx Nordic,2
1398,2016-03-24,Skal du begraves?,16,@SNULLE,1
1399,2016-03-24,Orbit,16,!nsurgents,5
1400,2016-03-24,aNimus,16,Tog,3
1401,2016-03-24,seven,16,FOXTROT,1
1402,2016-03-24,Recursive,2,Bananaboys,16
1403,2016-03-24,fLYVERNE,2,Quantaya,16
1404,2016-03-24,naptoR.Factory,16,SesiBaren,4
1405,2016-03-24,walkover,3,Dem Boyz,16
1406,2016-03-24,Space Soldiers,16,eXtatus,3
1407,2016-03-24,temporary,4,Bar r?v og sandaler,16
1408,2016-03-24,WDHA,7,eNergy,16
1409,2016-03-24,Isak,3,Fragsters,16
1410,2016-03-24,Epiphany Bolt,16,n0_0rg,9
1411,2016-03-24,Ollebolle,5,Wicked,16
1412,2016-03-24,Epsilon,16,Flash,8
1413,2016-03-24,Tricked,16,Heroic,4
1414,2016-03-24,BX3,16,the pickles,4
1415,2016-03-24,Iwku,16,GamersLeague,3
1416,2016-03-24,hiddenOP,16,Vacuous Baboons,10
1417,2016-03-24,Alpha,16,404OrgNotFound,4
1418,2016-03-24,Aquiver.RED,10,Plantronics,16
1419,2016-03-24,Krydsild,16,OBEY,10
1420,2016-03-24,Playing Ducks,16,Aquiver.BLU,12
1421,2016-03-24,SvQmmerICruzares,16,AfterClap,13
1422,2016-03-24,malefiQ,9,WinOut,16
1423,2016-03-24,Telos,14,Inside,16
1424,2016-03-24,Fox Stratos,13,Preparation,16
1425,2016-03-24,Eastern Vikings,16,WarMonkeys,12
1426,2016-03-24,Publiclir.se,19,FAB,15
1427,2016-03-24,Inside,1,eXtatus,16
1428,2016-03-24,Bar r?v og sandaler,1,n0_0rg,16
1429,2016-03-24,Aquiver.RED,16,Tekweb,1
1430,2016-03-24,naptoR.Factory,16,Fox Stratos,2
1431,2016-03-24,SvQmmerICruzares,6,GamersLeague,16
1432,2016-03-24,Flash,16,Dem Boyz,6
1433,2016-03-24,Heroic,16,aNimus,11
1434,2016-03-24,Skal du begraves?,16,!nsurgents,11
1435,2016-03-24,Quantaya,12,Recursive,16
1436,2016-03-24,Aquiver.BLU,16,hiddenOP,11
1437,2016-03-24,BX3,16,malefiQ,6
1438,2016-03-24,OBEY,16,eNergy,7
1439,2016-03-24,404OrgNotFound,16,seven,11
1440,2016-03-24,Isak,16,Eastern Vikings,14
1441,2016-03-24,Wicked,6,FAB,16
1442,2016-03-24,AGG,4,Escape,16
1443,2016-03-24,Skal du begraves?,8,404OrgNotFound,16
1444,2016-03-24,404OrgNotFound,16,Skal du begraves?,11
1445,2016-03-24,naptoR.Factory,2,Bananaboys,16
1446,2016-03-24,naptoR.Factory,2,Bananaboys,16
1447,2016-03-24,Orbit,16,OBEY,1
1448,2016-03-24,OBEY,3,Orbit,16
1449,2016-03-24,Epsilon,16,Heroic,6
1450,2016-03-24,Heroic,8,Epsilon,16
1451,2016-03-24,Space Soldiers,16,Flash,7
1452,2016-03-24,Space Soldiers,16,Flash,5
1453,2016-03-24,Recursive,5,Iwku,16
1454,2016-03-24,Recursive,11,Iwku,16
1455,2016-03-24,WinOut,16,eXtatus,12
1456,2016-03-24,eXtatus,6,WinOut,16
1457,2016-03-24,Playing Ducks,11,Isak,16
1458,2016-03-24,Isak,16,Playing Ducks,9
1459,2016-03-24,Aquiver.RED,14,Fragsters,16
1460,2016-03-24,Aquiver.RED,6,Fragsters,16
1461,2016-03-24,Aquiver.BLU,7,Krydsild,16
1462,2016-03-24,Aquiver.BLU,16,Krydsild,19
1463,2016-03-24,Publiclir.se,16,GamersLeague,7
1464,2016-03-24,GamersLeague,16,Publiclir.se,13
1465,2016-03-24,Publiclir.se,16,GamersLeague,6
1466,2016-03-24,Tricked,16,FAB,9
1467,2016-03-24,Tricked,6,FAB,16
1468,2016-03-24,Tricked,12,FAB,16
1469,2016-03-24,Epiphany Bolt,16,BX3,14
1470,2016-03-24,BX3,16,Epiphany Bolt,9
1471,2016-03-24,BX3,16,Epiphany Bolt,14
1472,2016-03-24,n0_0rg,5,Plantronics,16
1473,2016-03-24,Plantronics,16,n0_0rg,1
1474,2016-03-24,aimclub,16,neXtPlease!,11
1475,2016-03-24,Bpro,16,XPC,12
1476,2016-03-24,CSGL,11,Escape,16
1477,2016-03-24,CSGL,16,Escape,8
1478,2016-03-24,CSGL,19,Escape,22
1479,2016-03-24,k1ck,13,Torpedo,16
1480,2016-03-24,k1ck,10,Torpedo,16
1481,2016-03-24,ALTERNATE aTTaX,16,AGG,9
1482,2016-03-24,ALTERNATE aTTaX,14,AGG,16
1483,2016-03-24,AGG,16,ALTERNATE aTTaX,4
1484,2016-03-24,Alpha,12,Bananaboys,16
1485,2016-03-24,Bananaboys,14,Alpha,16
1486,2016-03-24,Alpha,16,Bananaboys,13
1487,2016-03-24,Isak,4,Epsilon,16
1488,2016-03-24,Epsilon,16,Isak,1
1489,2016-03-24,Iwku,16,Krydsild,5
1490,2016-03-24,Iwku,16,Krydsild,5
1491,2016-03-24,Plantronics,16,WinOut,5
1492,2016-03-24,WinOut,8,Plantronics,16
1493,2016-03-24,Fragsters,16,FAB,7
1494,2016-03-24,Fragsters,16,FAB,7
1495,2016-03-24,Space Soldiers,16,BX3,10
1496,2016-03-24,BX3,7,Space Soldiers,16
1497,2016-03-24,Preparation,16,404OrgNotFound,7
1498,2016-03-24,Preparation,16,404OrgNotFound,13
1499,2016-03-24,Publiclir.se,16,Orbit,9
1500,2016-03-24,Orbit,16,Publiclir.se,8
1501,2016-03-24,Publiclir.se,16,Orbit,11
1502,2016-03-24,YP,7,Escape,16
1503,2016-03-24,YP,7,Escape,16
1504,2016-03-25,Lucendi Azolt,21,8 Minded,19
1505,2016-03-25,KKona,16,Obey.Alliance,12
1506,2016-03-25,Obey.Alliance,16,KKona,5
1507,2016-03-25,Obey.Alliance,16,KKona,13
1508,2016-03-25,DSS,11,Booty Clappers,16
1509,2016-03-25,One,16,Devour,14
1510,2016-03-25,Insolent,16,Lucendi Azolt,7
1511,2016-03-25,Booty Clappers,16,One,5
1512,2016-03-25,HellRaisers,16,Space Soldiers,6
1513,2016-03-25,RCTIC,7,Iwku,16
1514,2016-03-25,Alpha,10,CPH Wolves,16
1515,2016-03-25,Publiclir.se,16,ENCE,13
1516,2016-03-25,SK,16,Plantronics,7
1517,2016-03-25,dignitas,16,Fragsters,7
1518,2016-03-25,E-frag.net,16,Epsilon,8
1519,2016-03-25,ALTERNATE aTTaX,8,Preparation,16
1520,2016-03-25,Wyvern Ladies,4,Karma,16
1521,2016-03-25,Karma,16,Wyvern Ladies,4
1522,2016-03-25,CLG Red,16,mCon fe,10
1523,2016-03-25,mCon fe,9,CLG Red,16
1524,2016-03-25,Orbit fe,9,Secret fe,16
1525,2016-03-25,Orbit fe,6,Secret fe,16
1526,2016-03-25,doyoueven fe,16,ENYO fe,5
1527,2016-03-25,doyoueven fe,16,ENYO fe,1
1528,2016-03-25,HellRaisers,16,Iwku,11
1529,2016-03-25,Planetkey fe,5,Exertus fe,16
1530,2016-03-25,Exertus fe,16,Planetkey fe,8
1531,2016-03-25,Space Soldiers,16,RCTIC,6
1532,2016-03-25,ALTERNATE aTTaX,16,Fragsters,4
1533,2016-03-25,dignitas,16,Preparation,14
1534,2016-03-25,Epsilon,16,Alpha,6
1535,2016-03-25,E-frag.net,9,CPH Wolves,16
1536,2016-03-25,ENCE,7,Plantronics,16
1537,2016-03-25,Publiclir.se,8,SK,16
1538,2016-03-25,ALSEN fe,16,nKnown fe,7
1539,2016-03-25,nKnown fe,3,ALSEN fe,16
1540,2016-03-25,Iwku,7,Space Soldiers,16
1541,2016-03-25,Epsilon,14,E-frag.net,16
1542,2016-03-25,Publiclir.se,19,Plantronics,15
1543,2016-03-25,Preparation,16,ALTERNATE aTTaX,11
1544,2016-03-25,LGB fe,16,doyoueven fe,5
1545,2016-03-25,LGB fe,9,doyoueven fe,16
1546,2016-03-25,LGB fe,16,doyoueven fe,7
1547,2016-03-25,Exertus fe,13,LDLC fe,16
1548,2016-03-25,LDLC fe,10,Exertus fe,16
1549,2016-03-25,Exertus fe,16,LDLC fe,11
1550,2016-03-25,YP Ladies,16,Rize fe,2
1551,2016-03-25,Rize fe,3,YP Ladies,16
1552,2016-03-25,Millenium fe,16,Area08 fe,7
1553,2016-03-25,Millenium fe,19,Area08 fe,17
1554,2016-03-25,HellRaisers,16,Preparation,5
1555,2016-03-25,HellRaisers,17,Preparation,19
1556,2016-03-25,HellRaisers,16,Preparation,8
1557,2016-03-25,Fluffy Gangsters,16,AGG,13
1558,2016-03-25,PENTA,13,Arcade,16
1559,2016-03-25,dignitas,6,E-frag.net,16
1560,2016-03-25,E-frag.net,8,dignitas,16
1561,2016-03-25,dignitas,14,E-frag.net,16
1562,2016-03-25,CLG Red,16,YP Ladies,13
1563,2016-03-25,CLG Red,16,YP Ladies,4
1564,2016-03-25,Planetkey fe,3,LDLC fe,16
1565,2016-03-25,LDLC fe,16,Planetkey fe,9
1566,2016-03-25,Millenium fe,5,Secret fe,16
1567,2016-03-25,Secret fe,16,Millenium fe,8
1568,2016-03-25,Karma,16,ALSEN fe,6
1569,2016-03-25,Karma,16,ALSEN fe,5
1570,2016-03-25,Empire,16,k1ck,7
1571,2016-03-25,Torpedo,16,Binary Dragons,10
1572,2016-03-25,doyoueven fe,16,ENYO fe,6
1573,2016-03-25,doyoueven fe,16,ENYO fe,2
1574,2016-03-25,KoN Denmark,9,KoN Norway,16
1575,2016-03-25,CS-GO.rs,6,Bpro,16
1576,2016-03-25,Torpedo,17,Empire,19
1577,2016-03-25,Empire,10,Torpedo,16
1578,2016-03-25,Torpedo,16,Empire,7
1579,2016-03-25,KoN Sweden,16,KoN Norway,11
1580,2016-03-25,Space Soldiers,1,SK,16
1581,2016-03-25,Space Soldiers,16,SK,14
1582,2016-03-25,Space Soldiers,16,SK,7
1583,2016-03-25,Rize fe,9,mCon fe,16
1584,2016-03-25,mCon fe,16,Rize fe,2
1585,2016-03-25,Wyvern Ladies,16,nKnown fe,4
1586,2016-03-25,nKnown fe,4,Wyvern Ladies,16
1587,2016-03-25,Orbit fe,8,Area08 fe,16
1588,2016-03-25,Orbit fe,16,Area08 fe,2
1589,2016-03-25,Orbit fe,8,Area08 fe,16
1590,2016-03-25,Publiclir.se,16,CPH Wolves,10
1591,2016-03-25,CPH Wolves,12,Publiclir.se,16
1592,2016-03-25,KoN Finland,12,KoN Sweden,16
1593,2016-03-25,ALSEN fe,19,Wyvern Ladies,17
1594,2016-03-25,Wyvern Ladies,11,ALSEN fe,16
1595,2016-03-25,YP Ladies,16,mCon fe,8
1596,2016-03-25,YP Ladies,16,mCon fe,11
1597,2016-03-25,Area08 fe,1,Millenium fe,16
1598,2016-03-25,Millenium fe,16,Area08 fe,11
1599,2016-03-26,ALSEN fe,5,YP Ladies,16
1600,2016-03-26,ALSEN fe,16,YP Ladies,11
1601,2016-03-26,ALSEN fe,6,YP Ladies,16
1602,2016-03-26,LDLC fe,14,doyoueven fe,16
1603,2016-03-26,LDLC fe,16,doyoueven fe,7
1604,2016-03-26,LDLC fe,16,doyoueven fe,12
1605,2016-03-26,Publiclir.se,12,HellRaisers,16
1606,2016-03-26,Publiclir.se,10,HellRaisers,16
1607,2016-03-26,Millenium fe,16,Karma,7
1608,2016-03-26,Karma,8,Millenium fe,16
1609,2016-03-26,Secret fe,16,YP Ladies,9
1610,2016-03-26,YP Ladies,3,Secret fe,16
1611,2016-03-26,CLG Red,16,LDLC fe,8
1612,2016-03-26,CLG Red,16,LDLC fe,1
1613,2016-03-26,Exertus fe,16,LGB fe,7
1614,2016-03-26,LGB fe,16,Exertus fe,19
1615,2016-03-26,Space Soldiers,17,E-frag.net,19
1616,2016-03-26,Space Soldiers,4,E-frag.net,16
1617,2016-03-26,Millenium fe,16,CLG Red,13
1618,2016-03-26,Millenium fe,8,CLG Red,16
1619,2016-03-26,Millenium fe,10,CLG Red,16
1620,2016-03-26,Secret fe,16,Exertus fe,14
1621,2016-03-26,Exertus fe,9,Secret fe,16
1622,2016-03-26,Arcade,16,Fluffy Gangsters,3
1623,2016-03-26,Arcade,16,Fluffy Gangsters,13
1624,2016-03-26,CLG Red,1,Secret fe,16
1625,2016-03-26,CLG Red,5,Secret fe,16
1626,2016-03-26,HellRaisers,25,E-frag.net,23
1627,2016-03-26,E-frag.net,5,HellRaisers,16
1628,2016-03-27,Millenium,16,LDLC Blue,10
1629,2016-03-27,Millenium,16,LDLC Blue,14
1630,2016-03-27,Deathtrap,16,SuperMassive,3
1631,2016-03-27,Millenium,16,Platinium,6
1632,2016-03-27,Millenium,16,Platinium,14
1633,2016-03-27,aimclub,16,iNation,7
1634,2016-03-27,eXplosive,16,Preparation,14
1635,2016-03-27,Iwku,5,Ancient,16
1636,2016-03-27,LDLC Blue,16,Dead Pixels,5
1637,2016-03-27,RB,11,TogetherAsOne,16
1638,2016-03-27,eXplosive,5,Ancient,16
1639,2016-03-27,eXplosive,6,Ancient,16
1640,2016-03-27,Rasta,14,PRIDE,16
1641,2016-03-27,PRIDE,12,Rasta,16
1642,2016-03-27,Rasta,16,PRIDE,5
1643,2016-03-28,Millenium,16,LDLC Blue,12
1644,2016-03-28,CPH Wolves,9,CSGL,16
1645,2016-03-28,CSGL,6,CPH Wolves,16
1646,2016-03-28,CPH Wolves,7,CSGL,16
1647,2016-03-28,RCTIC,15,Empire,15
1648,2016-03-28,Ancient,16,CSGL,19
1649,2016-03-28,CSGL,16,Ancient,8
1650,2016-03-28,RAIDERS,11,visomvet,16
1651,2016-03-28,visomvet,16,RAIDERS,10
1652,2016-03-29,NiP,19,FlipSid3,17
1653,2016-03-29,mousesports,13,Luminosity,16
1654,2016-03-29,FaZe,11,Liquid,16
1655,2016-03-29,fnatic,16,Splyce,5
1656,2016-03-29,CLG,16,EnVyUs,8
1657,2016-03-29,Gambit,10,Astralis,16
1658,2016-03-29,Natus Vincere,16,Cloud9,9
1659,2016-03-30,G2,1,Virtus.pro,16
1660,2016-03-30,mousesports,31,FlipSid3,28
1661,2016-03-30,AGG,16,Method,1
1662,2016-03-30,Method,16,AGG,8
1663,2016-03-30,Method,5,AGG,16
1664,2016-03-30,Splyce,3,FaZe,16
1665,2016-03-30,Deathtrap,16,TogetherAsOne,8
1666,2016-03-30,XPC,9,GameAgents,16
1667,2016-03-30,Gambit,16,EnVyUs,13
1668,2016-03-30,Cloud9,3,G2,16
1669,2016-03-30,NiP,5,Luminosity,16
1670,2016-03-30,fnatic,19,Liquid,22
1671,2016-03-30,CLG,9,Astralis,16
1672,2016-03-31,Virtus.pro,4,Natus Vincere,16
1673,2016-03-31,NiP,16,mousesports,5
1674,2016-03-31,NiP,12,mousesports,16
1675,2016-03-31,mousesports,9,NiP,16
1676,2016-03-31,ALTERNATE aTTaX,19,Torpedo,17
1677,2016-03-31,ALTERNATE aTTaX,4,Torpedo,16
1678,2016-03-31,ALTERNATE aTTaX,15,Torpedo,19
1679,2016-03-31,GameAgents,16,CS-GO.rs,12
1680,2016-03-31,fnatic,16,FaZe,10
1681,2016-03-31,fnatic,16,FaZe,6
1682,2016-03-31,iNation,11,Pixel,16
1683,2016-03-31,XPC,16,neXtPlease!,8
1684,2016-03-31,CLG,13,Gambit,16
1685,2016-03-31,CLG,16,Gambit,11
1686,2016-03-31,Gambit,10,CLG,16
1687,2016-04-01,Virtus.pro,16,G2,9
1688,2016-04-01,Virtus.pro,9,G2,16
1689,2016-04-01,G2,7,Virtus.pro,16
1690,2016-04-01,NiP,9,Natus Vincere,16
1691,2016-04-01,NiP,10,Natus Vincere,16
1692,2016-04-01,fnatic,10,Astralis,16
1693,2016-04-01,fnatic,5,Astralis,16
1694,2016-04-01,KoN Denmark,13,KoN Norway,16
1695,2016-04-01,KoN Finland,16,KoN Norway,9
1696,2016-04-01,Bpro,16,TogetherAsOne,9
1697,2016-04-01,CLG,13,Liquid,16
1698,2016-04-01,Liquid,16,CLG,6
1699,2016-04-02,Luminosity,17,Virtus.pro,19
1700,2016-04-02,Virtus.pro,10,Luminosity,16
1701,2016-04-02,Virtus.pro,11,Luminosity,16
1702,2016-04-02,Natus Vincere,16,Astralis,14
1703,2016-04-02,Natus Vincere,16,Astralis,5
1704,2016-04-02,Liquid,15,Luminosity,19
1705,2016-04-02,Luminosity,19,Liquid,16
1706,2016-04-03,PENTA,4,Nevermad,16
1707,2016-04-03,PENTA,16,Nevermad,7
1708,2016-04-03,Americas All-Stars,22,Europe All-Stars,19
1709,2016-04-03,neXtPlease!,16,CS-GO.rs,14
1710,2016-04-03,Natus Vincere,17,Luminosity,19
1711,2016-04-03,Luminosity,16,Natus Vincere,2
1712,2016-04-03,iNation,11,XPC,16
1713,2016-04-04,AGG,2,Epsilon,16
1714,2016-04-04,Epsilon,16,AGG,10
1715,2016-04-04,HellRaisers,6,Escape,16
1716,2016-04-04,Pixel,17,SuperMassive,19
1717,2016-04-04,aimclub,16,Deathtrap,12
1718,2016-04-05,SuperMassive,16,aimclub,9
1719,2016-04-05,RB,8,GameAgents,16
1720,2016-04-06,Renegades,2,NRG,16
1721,2016-04-06,Renegades,13,NRG,16
1722,2016-04-06,HellRaisers,16,AGG,9
1723,2016-04-06,HellRaisers,16,AGG,13
1724,2016-04-06,dignitas,19,XPC,15
1725,2016-04-06,XPC,4,dignitas,16
1726,2016-04-06,Planetkey,17,PENTA,19
1727,2016-04-06,Gambit,16,SK,8
1728,2016-04-06,SK,16,Gambit,5
1729,2016-04-06,CSGL,5,HellRaisers,16
1730,2016-04-06,HellRaisers,16,CSGL,6
1731,2016-04-06,SK,16,AGG,10
1732,2016-04-06,SK,5,AGG,16
1733,2016-04-06,Winterfox,21,Echo Fox,25
1734,2016-04-06,Winterfox,12,Echo Fox,16
1735,2016-04-07,KKona,18,compLexity,22
1736,2016-04-07,compLexity,8,KKona,16
1737,2016-04-07,Obey.Alliance,15,Echo Fox,19
1738,2016-04-07,Echo Fox,16,Obey.Alliance,5
1739,2016-04-07,Obey.Alliance,16,KKona,6
1740,2016-04-07,Obey.Alliance,16,KKona,9
1741,2016-04-07,PENTA,14,Empire,16
1742,2016-04-07,E-frag.net,16,Gambit,3
1743,2016-04-07,E-frag.net,16,Gambit,6
1744,2016-04-07,NiP,16,FlipSid3,4
1745,2016-04-07,HellRaisers,16,SK,14
1746,2016-04-07,HellRaisers,16,SK,12
1747,2016-04-07,FlipSid3,8,NiP,16
1748,2016-04-07,Bpro,16,Deathtrap,8
1749,2016-04-07,Method,9,nerdRage,16
1750,2016-04-07,nerdRage,11,Method,16
1751,2016-04-07,Method,5,nerdRage,16
1752,2016-04-07,Space Soldiers,16,GODSENT,10
1753,2016-04-07,GODSENT,5,Space Soldiers,16
1754,2016-04-07,Virtus.pro,11,SK,16
1755,2016-04-07,Pixel,10,aimclub,16
1756,2016-04-07,HellRaisers,14,Gambit,16
1757,2016-04-07,HellRaisers,9,Gambit,16
1758,2016-04-07,Virtus.pro,12,SK,16
1759,2016-04-07,Gambit,16,AGG,14
1760,2016-04-07,Gambit,16,AGG,9
1761,2016-04-07,EnVyUs,14,dignitas,16
1762,2016-04-07,EnVyUs,7,dignitas,16
1763,2016-04-07,Echo Fox,16,KKona,12
1764,2016-04-07,Echo Fox,16,KKona,14
1765,2016-04-08,Cloud9,8,Liquid,16
1766,2016-04-08,Cloud9,5,Liquid,16
1767,2016-04-08,Liquid,16,OpTic,10
1768,2016-04-08,Liquid,16,OpTic,12
1769,2016-04-08,k1ck,16,Imp?rio Multim?dia,2
1770,2016-04-08,Imp?rio Multim?dia,5,k1ck,16
1771,2016-04-08,AlienTech,16,Galatics,6
1772,2016-04-08,Galatics,7,AlienTech,16
1773,2016-04-08,Empire,1,AGG,16
1774,2016-04-08,Empire,3,AGG,16
1775,2016-04-08,HellRaisers,16,mousesports,14
1776,2016-04-08,k1ck,6,k1ck,16
1777,2016-04-08,k1ck,16,k1ck,6
1778,2016-04-08,HellRaisers,17,mousesports,19
1779,2016-04-08,mousesports,11,HellRaisers,16
1780,2016-04-08,k1ck,16,k1ck,14
1781,2016-04-08,mousesports,16,HellRaisers,8
1782,2016-04-08,HellRaisers,9,mousesports,16
1783,2016-04-08,XPC,12,SuperMassive,16
1784,2016-04-08,ENCE,16,Alter Your Ego,2
1785,2016-04-08,ENCE,16,Alter Your Ego,6
1786,2016-04-08,KoN Norway,16,KoN Denmark,11
1787,2016-04-08,Epsilon,16,miMo,5
1788,2016-04-08,Epsilon,16,miMo,11
1789,2016-04-08,iNation,16,CS-GO.rs,6
1790,2016-04-08,KoN Finland,16,KoN Norway,7
1791,2016-04-08,gBots,15,AlienTech,19
1792,2016-04-08,gBots,16,AlienTech,12
1793,2016-04-08,gBots,16,AlienTech,5
1794,2016-04-08,Splyce,16,Echo Fox,10
1795,2016-04-08,Echo Fox,16,Splyce,11
1796,2016-04-08,Splyce,12,Echo Fox,16
1797,2016-04-08,Splyce,16,Echo Fox,10
1798,2016-04-08,Splyce,11,Echo Fox,16
1799,2016-04-09,k1ck,16,Galatics,5
1800,2016-04-09,k1ck,16,Galatics,13
1801,2016-04-09,Galatics,13,k1ck,16
1802,2016-04-09,Imp?rio Multim?dia,2,AlienTech,16
1803,2016-04-09,AlienTech,16,Imp?rio Multim?dia,2
1804,2016-04-09,Gambit,7,G2,16
1805,2016-04-09,k1ck,4,gBots,16
1806,2016-04-09,G2,16,Gambit,6
1807,2016-04-09,G2,16,Gambit,10
1808,2016-04-09,k1ck,16,gBots,8
1809,2016-04-09,gBots,11,k1ck,16
1810,2016-04-09,AlienTech,16,k1ck,9
1811,2016-04-09,AlienTech,16,k1ck,12
1812,2016-04-10,gBots,16,AlienTech,10
1813,2016-04-10,gBots,16,AlienTech,9
1814,2016-04-10,mousesports,16,Astralis,5
1815,2016-04-10,Astralis,16,mousesports,13
1816,2016-04-10,mousesports,3,Astralis,16
1817,2016-04-10,Virtus.pro,13,dignitas,16
1818,2016-04-10,dignitas,4,Virtus.pro,16
1819,2016-04-10,Virtus.pro,14,dignitas,16
1820,2016-04-10,gBots,16,k1ck,8
1821,2016-04-10,k1ck,16,gBots,14
1822,2016-04-10,k1ck,16,gBots,10
1823,2016-04-10,HellRaisers,16,Empire,8
1824,2016-04-10,HellRaisers,16,Empire,3
1825,2016-04-10,EnVyUs,16,G2,7
1826,2016-04-10,EnVyUs,6,G2,16
1827,2016-04-10,G2,20,EnVyUs,22
1828,2016-04-10,dignitas,16,FlipSid3,8
1829,2016-04-10,FlipSid3,16,dignitas,13
1830,2016-04-10,dignitas,16,FlipSid3,8
1831,2016-04-10,ALTERNATE aTTaX,16,PENTA,5
1832,2016-04-10,ALTERNATE aTTaX,13,PENTA,16
1833,2016-04-10,ALTERNATE aTTaX,12,PENTA,16
1834,2016-04-10,compLexity,5,NRG,16
1835,2016-04-11,OpTic,16,Without a Roof,8
1836,2016-04-11,Without a Roof,2,OpTic,16
1837,2016-04-11,Gambit,10,AGG,16
1838,2016-04-11,AGG,17,Gambit,19
1839,2016-04-11,Gambit,16,AGG,11
1840,2016-04-11,Tricked,16,Torpedo,14
1841,2016-04-11,Tricked,13,Torpedo,16
1842,2016-04-11,Torpedo,16,Tricked,11
1843,2016-04-11,PENTA,22,E-frag.net,19
1844,2016-04-11,FlipSid3,19,Method,15
1845,2016-04-11,FlipSid3,16,Method,13
1846,2016-04-11,E-frag.net,16,PENTA,6
1847,2016-04-11,PENTA,11,E-frag.net,16
1848,2016-04-11,GameAgents,16,Bpro,13
1849,2016-04-11,Deathtrap,19,Pixel,16
1850,2016-04-11,SK,16,CPH Wolves,6
1851,2016-04-11,CPH Wolves,19,SK,15
1852,2016-04-11,CPH Wolves,12,SK,16
1853,2016-04-11,PENTA,16,Gambit,14
1854,2016-04-11,Gambit,16,PENTA,11
1855,2016-04-11,PENTA,13,Gambit,16
1856,2016-04-12,TyLoo,7,Luminosity,16
1857,2016-04-12,mousesports,16,Liquid,13
1858,2016-04-12,Natus Vincere,16,GODSENT,11
1859,2016-04-12,G2,2,CLG,16
1860,2016-04-12,CSGL,9,Astralis,16
1861,2016-04-12,AGG,16,Epsilon,12
1862,2016-04-12,Epsilon,6,AGG,16
1863,2016-04-12,Epsilon,16,AGG,11
1864,2016-04-12,Epsilon,18,AGG,21
1865,2016-04-12,NiP,2,dignitas,16
1866,2016-04-12,Enso,13,RCTIC,16
1867,2016-04-12,RCTIC,13,Enso,16
1868,2016-04-12,Enso,14,RCTIC,16
1869,2016-04-12,Virtus.pro,16,FaZe,8
1870,2016-04-12,EnVyUs,14,Tempo Storm,16
1871,2016-04-13,TyLoo,22,Liquid,19
1872,2016-04-13,G2,8,GODSENT,16
1873,2016-04-13,NiP,16,CSGL,8
1874,2016-04-13,EnVyUs,16,FaZe,12
1875,2016-04-13,Luminosity,7,mousesports,16
1876,2016-04-13,Natus Vincere,19,CLG,15
1877,2016-04-13,RCTIC,2,E-frag.net,16
1878,2016-04-13,Astralis,9,dignitas,16
1879,2016-04-13,iNation,6,RB,16
1880,2016-04-13,FlipSid3,16,Escape,11
1881,2016-04-13,FlipSid3,16,Escape,6
1882,2016-04-13,Virtus.pro,16,Tempo Storm,9
1883,2016-04-14,Luminosity,14,TyLoo,16
1884,2016-04-14,TyLoo,7,Luminosity,16
1885,2016-04-14,TyLoo,16,Luminosity,12
1886,2016-04-14,GODSENT,19,CLG,16
1887,2016-04-14,CLG,8,GODSENT,16
1888,2016-04-14,NiP,16,Astralis,5
1889,2016-04-14,NiP,9,Astralis,16
1890,2016-04-14,NiP,16,Astralis,12
1891,2016-04-14,Epiphany Bolt,6,AliGon,16
1892,2016-04-14,AliGon,16,Epiphany Bolt,11
1893,2016-04-14,Enso,5,RCTIC,16
1894,2016-04-14,SK,16,Torpedo,3
1895,2016-04-14,SK,16,Torpedo,12
1896,2016-04-14,EnVyUs,16,Tempo Storm,9
1897,2016-04-14,EnVyUs,16,Tempo Storm,14
1898,2016-04-16,Natus Vincere,16,TyLoo,10
1899,2016-04-16,TyLoo,5,Natus Vincere,16
1900,2016-04-16,dignitas,12,EnVyUs,16
1901,2016-04-16,dignitas,8,EnVyUs,16
1902,2016-04-16,GODSENT,7,mousesports,16
1903,2016-04-16,mousesports,10,GODSENT,16
1904,2016-04-16,XPC,16,GG1337,10
1905,2016-04-16,XPC,16,GG1337,6
1906,2016-04-16,GODSENT,16,mousesports,13
1907,2016-04-16,neXtPlease!,7,RB,16
1908,2016-04-16,NiP,16,Virtus.pro,12
1909,2016-04-16,NiP,16,Virtus.pro,12
1910,2016-04-17,EnVyUs,7,Natus Vincere,16
1911,2016-04-17,Natus Vincere,16,EnVyUs,2
1912,2016-04-17,NiP,16,GODSENT,14
1913,2016-04-17,NiP,16,GODSENT,19
1914,2016-04-17,NiP,16,GODSENT,10
1915,2016-04-17,Natus Vincere,14,NiP,16
1916,2016-04-17,NiP,16,Natus Vincere,14
1917,2016-04-18,CPH Wolves,16,Enso,12
1918,2016-04-18,Enso,13,CPH Wolves,16
1919,2016-04-18,AliGon,12,Enso,16
1920,2016-04-18,AliGon,16,Enso,6
1921,2016-04-18,SK,8,E-frag.net,16
1922,2016-04-18,E-frag.net,12,SK,16
1923,2016-04-18,neXtPlease!,8,Bpro,16
1924,2016-04-19,Virtus.pro,16,FaZe,8
1925,2016-04-19,CPH Wolves,16,Epiphany Bolt,5
1926,2016-04-19,Epiphany Bolt,1,CPH Wolves,16
1927,2016-04-19,mousesports,22,EnVyUs,19
1928,2016-04-19,Virtus.pro,10,FaZe,16
1929,2016-04-19,FaZe,16,Virtus.pro,12
1930,2016-04-19,CS-GO.rs,7,aimclub,16
1931,2016-04-19,mousesports,16,EnVyUs,8
1932,2016-04-19,RCTIC,9,AliGon,16
1933,2016-04-19,RCTIC,7,AliGon,16
1934,2016-04-19,fnatic,16,Natus Vincere,11
1935,2016-04-19,Natus Vincere,16,fnatic,13
1936,2016-04-19,RCTIC,8,Epiphany Bolt,16
1937,2016-04-19,RCTIC,29,Epiphany Bolt,31
1938,2016-04-19,Astralis,16,FaZe,12
1939,2016-04-19,FaZe,9,Astralis,16
